什麼是速克伏,速克伏短程治療處方，為isoniazid 900mg合併rifapentine 900mg，每週1次，服用3個月共12個劑量之短程治療處方,速克伏
什麼是4R,潛伏結核感染治療處方，為 4 個月 daily rifampin 處方,4R
什麼是9H,潛伏結核感染治療現行處方，為 9 個月 daily isoniazid 處方,9H
什麼是DOPT,directly observed preventive therapy 直接觀察預防治療，對象為 LTBI 治療個案的都治計畫,DOPT
什麼是INH,isoniazid，抗結核病藥物,INH
什麼是QFT,QuantiFERON?-TB Gold In-Tube test （QFT-GIT），結核菌感染診斷試管組（產品名）,QFT
什麼是RMP,rifampin，抗結核病藥物,RMP
什麼是PrEP,PrEP是預防愛滋病毒感染的方式之一，民眾經醫師問診及檢驗評估沒有感染愛滋病毒且有風險行為需要服藥者，可透過穩定持續服用預防藥物，讓體內有足夠的藥物濃度來預防被愛滋病毒感染。,PrEP
什麼是PEP,"如有從事不安全危險性行為、被性侵害、共用針器或稀釋液的注射藥癮者等，而有直接接觸到疑似愛滋病毒的血液或體液，經預防性投藥之醫院(如附表<a target=""_blank"" href=""https://www.cdc.gov.tw/Category/MPage/uo89XT3izngK6IY0wv8BNg"">https://www.cdc.gov.tw/Category/MPage/uo89XT3izngK6IY0wv8BNg</a>)醫師評估後，給予暴露後的抗愛滋病毒預防性投藥，以避免感染愛滋病毒。

",PEP
什麼是都治,DOTS（Directly Observed Treatment， Short Course）音譯為「都治」。這策略主要目的是希望在健康照護人員或關懷員的嚴密監督下，確保結核病人規則服下每一顆藥物，同時給予支持關懷，並評估病患有無服藥、不適或副作用，協助病患如期治癒，亦即發揮「送藥到手、服藥入口、吃了再走」之精神，避免抗藥性細菌的產生，保護病人減少服藥副作用，同時也保護社會大眾、避免疾病蔓延最有效的方法。,都治
聽說最近國內外都有麻疹疫情，可以去哪裡自費打疫苗?,您可以至旅遊醫學門診諮詢或提供自費MMR疫苗接種之醫療院所，經醫師評估後接種。<a title='點擊查看自費MMR疫苗接種單位 ' target='_blank' href='https://www.cdc.gov.tw/Category/Page/0jnFJg2m6OutO4gSMVZz8Q' > 點擊查看自費MMR疫苗接種單位 </a>,麻疹-疫苗
現在日本聽說有麻疹的疫情，是不是一定要打疫苗才能去?,由於目前日本麻疹及德國麻疹疫情持續發生，建議1981年以後出生之成人，可於出發2至4週前至提供自費MMR疫苗接種之醫療院所或旅遊醫學門診諮詢，經醫師評估後接種，確保免疫力。未滿1歲兒童尚未達公費接種年齡，未建立麻疹保護力，建議盡量不要帶其前往；滿六個月未滿1歲之幼童如確實必須前往，請於出發前2週，自費接種1劑MMR疫苗。,麻疹-疫苗
如果小時候已經打過麻疹疫苗，現在還要不要再打一次?,國內有研究顯示，1981年以後出生的成人，與其他成年世代比較，麻疹抗體盛行率較低，可能因為他們是接種疫苗的世代，幼時接種疫苗所產生的抗體，隨時間而衰退，因此，依傳染病防治諮詢會預防接種建議， 1981年以後出生的成人，如為工作性質會頻繁接觸外國人者、醫療工作人員或是計畫前往有麻疹流行地區等有較高感染風險者，建議追加接種1劑MMR疫苗。如您屬於上述有較高感染風險者，建議您至提供自費MMR疫苗接種之醫療院所或旅遊醫學門診諮詢，經醫師評估後接種，以確保免疫力，預防感染。,麻疹-疫苗
聽說MMR疫苗現在有缺貨，那要怎麼預防感染到麻疹?,避免帶未滿1歲或未接種疫苗的嬰幼兒至流行地區，儘量避免出入人潮擁擠之公共場所，擔心被感染的易感族群可戴口罩，並勤洗手，避免以手碰觸口鼻等黏膜處。,麻疹-疫苗
有收到麻疹接觸者通知，要注意甚麼嗎?,麻疹個案之接觸者於自主健康管理期間（與麻疹病例最後1次接觸日起往後推算18天內），應每日早晚各量體溫1次，並詳實記錄體溫、活動史及是否出現疑似症狀，如果沒有任何不適或未出現疑似症狀如發燒、出疹、咳嗽、鼻炎、結膜炎等，仍可正常生活，但應避免出入公共場所，並儘量佩戴口罩。</br>接觸者如在自主健康管理期間出現疑似症狀，則應進行自我隔離，並電話通知衛生單位，由衛生單位安排就醫，預先規劃好動線，避免接觸到其他等候看診的人。就醫時並請主動出示健康健側通知書及全程佩戴口罩。,麻疹-疫苗
哪裡可以索取唾篩試劑?,"107年至108年自我篩檢計畫於107年12月1日啟動，發放至試劑使用完畢為止，試劑提供方式如下：<br />1. 人工發放：民眾可前往合作民間團體、衛生局(所)等支付200元費用後取得試劑。<br />2. 自動服務機。<br />3. 網路訂購超商取貨：至活動網站(<a target=""_blank"" href=""https://otc.cdc.gov.tw/buy "">https://otc.cdc.gov.tw/buy</a>)訂購後，選擇離家近的便利超商通路支付245元(試劑200元，物流費45元)領取訂購之篩檢試劑。4.詳細的試劑提供地點，可至本活動網站查詢(https://hiva.cdc.gov.tw/oraltest/Service_Machine.aspx )。",愛滋病
有不安全的性行為會不會感染到愛滋病?,不安全的性行為(沒有全程正確使用保險套及水性潤滑液)是傳染愛滋病毒的途徑之一，因此有可能會受到感染，建議若有無套性行為者，1年至少進行1次愛滋篩檢，若是多重性伴侶的民眾建議每3至6個月篩檢1次，以確認自身的感染情形。,愛滋病
哪裡有匿名篩檢的醫院?,108年度全國匿名篩檢服務醫院共有59家，另除了匿名篩檢醫院外，全國衛生局(所)及部分民間團體亦有提供匿名篩檢服務，可至疾病管制署全球資訊網 <a title='匿名篩檢' target='_blank' href='https://www.cdc.gov.tw/Category/Page/gH7NyWhq3ulASakaq5DDIQ' >匿名篩檢</a> 中查詢。,愛滋病
發生危險性行為後可以先服藥嗎?哪家醫院有提供?,1.若疑似暴露愛滋病毒，建議預防性投藥要愈早愈好，請於事發後72小時內儘速前往提供預防性投藥的醫院，由醫師進行專業評估與用藥。<br />2.由於抗愛滋病毒用藥係由感染科專科醫師開立，民眾應至有提供預防性投藥之醫院感染科門診掛號，經醫師評估後使用。醫院名單可至疾病管制署全球資訊網 <a title='非職業暴露愛滋病毒後預防性投藥' target='_blank' href='https://www.cdc.gov.tw/Category/MPage/uo89XT3izngK6IY0wv8BNg' >「非職業暴露愛滋病毒後預防性投藥」</a> 查詢。,愛滋病
聽說政府有補助PrEP，要去哪裡申請?,1.提供公費PrEP服務之醫療院所名單可至疾病管制署全球資訊網 <a title='政府補助PrEP計畫宣導專區查詢' target='_blank' href='https://www.cdc.gov.tw/Category/MPage/tXBKgpeVZ9l9929TEdZGJw' >政府補助PrEP計畫宣導專區查詢</a>。<br />2.洽疾病管制署1922防疫專線查詢就近服務醫院名單。,愛滋病
詢問外勞的健康檢查時間?,依據受聘僱外國人健康檢查管理辦法，藍領外勞入國工作，雇主須安排其辦理入國3日健檢、定期健檢及補充健檢，各類健檢辦理時程如下：<br />1. 入國3日健檢：入國後3個工作日內，至指定醫院接受健康檢查。<br />2. 定期健檢：聘僱許可發函日期於105年11月4日以前者於入國工作滿6個月、18個月及30個月之日前後30日內，至國內指定醫院辦理定期健檢，至於聘僱許可發函日期於105年11月5日以後者，則自聘僱許可生效日起，滿6個月、18個月及30個月之日前後30日內，辦理健康檢查。定期健檢辦理區間可至本署全球資訊網 <a title='外籍勞工定期健康檢查日期查詢' target='_blank' href='https://www.cdc.gov.tw/Foreigner/Index/RnhidFpzZkZVUGpId1JnQ01Fc1ptdz09' >外籍勞工定期健康檢查日期查詢</a>。<br />3. 補充健檢：藍領外勞轉換雇主或工作，或其他依本法重新核發聘僱許可，已逾1年未接受健康檢查者，雇主應自聘僱許可生效日之次日起七日內，安排其至指定醫院接受健康檢查。,外國人健檢
如果外勞健康檢查不合格怎麼辦?,依據受聘僱外國人健康檢查管理辦法，藍領外勞健康檢查結果有不合格或須進一步檢查者，雇主應安排該人員依下列時程辦理再檢查及治療：<br />1. 胸部X光肺結核檢查：疑似肺結核或無法確認診斷者，自收受健康檢查證明之次日起15日內，至指定機構再檢查。<br />2. 漢生病檢查：疑似漢生病者，自收受健康檢查證明之次日起15日內，至指定機構再檢查。<br />3. 梅毒血清檢查：於收受健康檢查證明之次日起30日內，取得完成治療證明。<br />4. 腸內寄生蟲糞便檢查：於收受健康檢查證明之次日起65日內，至指定醫院治療後再檢查並取得陰性之證明；經確診為痢疾阿米巴原蟲陽性者，須取得治療後再檢查3次均為陰性之證明。<br />雇主應於收受再檢查診斷證明書或完成治療證明之次日起15日內，依該次健檢類型送相關機關備查：<br />1. 入國3日健檢：檢具再檢查診斷證明書或完成治療證明正本文件，送勞動部勞動力發展署備查。<br />2. 定期健檢、補充健檢：檢具中央主管機關核發之外國人聘僱許可文件及再檢查診斷證明書或完成治療證明正本文件，送直轄市、縣（市）衛生主管機關備查。,外國人健檢
哪裡有外勞健康檢查的醫院?,外國人健檢指定醫院名單可至本署全球資訊網  <a title='外國人健檢指定與認可醫院名單查詢' target='_blank' href='https://www.cdc.gov.tw/Category/List/T3AjAikVx0j-UHICKB1VMw' >外國人健檢指定與認可醫院名單查詢</a>。,外國人健檢
外勞健康檢查項目有什麼?,依據受聘僱外國人健康檢查管理辦法，藍領外勞之健康檢查項目包括：胸部 X  光肺結核檢查、漢生病檢查、梅毒血清檢查、腸內寄生蟲糞便檢查、身體檢查、麻疹及德國麻疹之抗體陽性檢驗報告或預防接種證明。另外，印尼籍外勞於入國3日健康檢查加驗傷寒、副傷寒及桿菌性痢疾檢查（糞便培養）及症狀問診，發燒者加驗血液培養。,外國人健檢
外勞定期健康檢查做好之後，單子要送去哪個單位嗎?,依據受聘僱外國人健康檢查管理辦法，定期健檢證明正本應送交該名外籍勞工留存。若定期健檢結果如有不合格項目或須進一步檢查者，雇主須於取得複檢診斷證明書或完成治療證明之次日起15日內，將複檢診斷證明書（或完成治療證明）及聘僱許可函送交衛生局備查。,外國人健檢
小朋友接種公費疫苗的時間?,兒童健康手冊的預防接種時程表及紀錄表上有各項公費疫苗的適合接種時間，或者您可至疾病管制署全球資訊網的預防接種專區查詢。,例行預防接種
小朋友不是在台灣出生，可以打公費疫苗嗎?,外籍人士如持有我國居留證或定居證且符合各項公費疫苗適用對象，均可提供接種。,例行預防接種
小孩打完疫苗不舒服怎麼辦?,疫苗接種後可能發生注射部位疼痛、紅腫等，通常2-3天內會消失，嚴重不良反應很少見。但是如果有接種部位紅腫、硬塊?退或持續高燒或其他特殊症狀，應儘速就醫診察。,例行預防接種
小孩打疫苗的時間好像不對，怎麼辦?,您可持孩子的兒童健康手冊洽就近的衛生所（臺北市為健康服務中心）協助查詢及核對小朋友的接種時間。,例行預防接種
想申請常規疫苗接種證明，要去哪裡申請?,因為出國留學、移民或工作需要預防接種證明，可持身份證明文件及健保卡洽就近的衛生所（臺北市為健康服務中心）申請。平時亦可透過健保署之「健康存摺」，查詢暸解已接種的疫苗項目。,例行預防接種
現在要出國玩，有沒有要注意甚麼?要不要先打疫苗?,由於每個人的健康狀況及旅遊情形不同，建議您於出國前4-6週至國內的旅遊醫學門診諮詢，由醫師提供專業的預防接種建議及旅遊健康注意事項。<a title='點擊查看旅遊醫學門診 ' target='_blank' href='https://www.cdc.gov.tw/Category/Page/ucmuQnzcJPue77qHt0IXeg' > 點擊查看旅遊醫學門診 </a>,國際預防接種
聽說要去非洲要先打黃熱病疫苗，要去哪裡打?,您可至國內的旅遊醫學門診接種黃熱病疫苗。,國際預防接種
因為要出國留學，學校要求要以前的預防接種，可以申請的到嗎?,預防接種證明書可以至各地衛生所申請。,國際預防接種
出國旅遊回來後好像不舒服，是不是要通報?,如您於入境時有身體不適的情形，建議您可以主動告知航空公司服務人員或機場檢疫人員。如您於回國後21日內有身體不的適情形，請配戴口罩儘速就醫，並告知醫師旅遊史及接觸史。建議您就醫，並主動告知醫療人員您的旅遊史、職業與是否有同行親友不舒服，以利醫療人員診斷並確認是否需進行傳染病通報。,國際預防接種
我之前的黃熱病證明書不見了可以補發嗎?,您可至國內的任一家旅遊醫學門診申請補證。,國際預防接種
怎樣才可以使用到公費治療流感的藥物?,如您有類流感症狀，可就近至全國4千多家公費流感抗病毒藥劑合約院所就醫，由醫師評估是否符合公費流感抗病毒藥劑使用條件。 凡經醫師判斷符合以下條件者，不需快篩，即可開立公費流感抗病毒藥劑： 公費藥劑使用對象，倘非本國籍人士，除通報流感併發重症及新型A型流感等法定傳染病患者外，應有居留證(18歲以下孩童其父母需一方為本國籍或持有居留證) <br />一、 符合流感併發重症通報病例(需通報於法定傳染病通報系統) <br />二、 孕婦經評估需及時用藥者(領有國民健康署核發孕婦健康手冊之婦女) <br />三、 未滿5歲及65歲以上之類流感患者 <br />四、 確診或疑似罹患流感住院(含急診待床)之病患 註：罹患流感因病況嚴重而需住院治療的病患，並不包括門診病人，依此條件使用公費藥劑者須備有「住院紀錄」 <br />五、 具重大傷病、免疫不全(含使用免疫抑制劑者)或流感高風險慢性疾病之類流感患者   <br />註：   <br />1.重大傷病：健保卡註記為重大傷病或持有重大傷病證明紙卡者。   <br />2.流感高風險慢性疾病之ICD CODE為B20 ， Z21 ， D80-84 ， D86 ， D89 ， E08-13 ， E66 ， E85 ， G09 ， G20 ， G30-32 ， G35-37 ， G40 ， G45-46 ， G65 ， G70 ， G72 ， I00-02 ， I05-09 ， I11-13 ， I20-22 ， I24-25 ， I27-28 ， I34-37 ， I42-43 ， I44-45 ， I47-49 ， I50-51 ， I60-62 ， I63 ， I67-69 ， I70 ， I72 ， I73-74 ， I77 ， I79 ， J40-45 ， J47 ， J60-70 ， J82 ， J84 ， J96 ， J98 ， J99 ， K70-72 ， K73-76 ， B18-19 ， M05-06 ， M30-31 ， M32-34 ， M35 ， M94.1 ， N00-01 ， N03 ， N05 ， N04 ， N18-19 ， N26-27 ， Q89.01 ， Z90.81。 <br />六、 肥胖之類流感患者(BMI≧30) <br />七、 經疾病管制署各區管制中心防疫醫師認可之類流感群聚事件 <br />八、 符合新型A型流感通報定義者(需通報於法定傳染病通報系統) <br />九、 新型A型流感極可能/確定病例之密切接觸者(接觸者名冊經傳染病防治醫療網區正/副指揮官或其授權人員研判需給藥者) <br />十、 動物流感發生場所撲殺清場工作人員(接觸者名冊經傳染病防治醫療網區正/副指揮官或其授權人員研判需給藥者) 註：選填此項者需填寫禽畜場名稱或編號,流感
流感有沒有規定小孩請假或停課的天數?,目前針對流感並無相關請假的一致規定或停課標準，請假部分應依學校/職場相關規定辦理。 但流感傳染力強，為了避免傳染給他人，生病學(幼)生應在家休養，直至退燒後至少24小時才能返回上課，落實生病不上班、不上課。 另學校/幼兒園/補習班/兒童課後照顧服務班與中心等機關(構)，可考量當季學(幼)生流感疫苗接種率、預防性投藥情形及流行期病毒變異狀況等因素作個別評估。各機關(構)經評估需採取停課措施時，建議以發生群聚之班級停課5天(含例假日)為原則。生病者則應持續停課至退燒後至少24小時，才能返回上課。,流感
為甚麼醫師說要先用快篩才能給我公費的藥?,經醫師評估符合本署訂定之公費流感抗病毒藥劑使用條件者，不須快篩，即可使用，因此建議您與醫生溝通與討論。若醫師有不當收取快篩費用之情形，可向健保署反映。 醫師遇到流感病患，應提高警覺，如符合流感併發重症及新型A型流感通報病例定義應儘速通報，對於符合公費流感抗病毒藥劑用藥條件之民眾，不需快篩，即可及早給予公費抗病毒藥劑，以減少嚴重併發症及死亡的發生。另外為落實健保分級醫療及提升診所服務能力，國民健康保險署已對外公告自106年5月起，開放診所可以執行A型及B型流感篩檢並提供給付，詳細給付可詢問國民健康保險署。,流感
聽說有流感的疫情，但是打不到流感疫苗怎麼辦?,若沒有接種到流感疫苗，仍需藉由維持身體健康、提升個人免疫力、保持良好衛生習慣：咳嗽、流鼻水時，請以手帕或衛生紙遮住口鼻部、常洗手、避免用手接觸眼、鼻、口；生病發燒時減少出門， 當有發燒等類流感症狀時，請儘速就醫，必要時依醫師處方，接受抗病毒藥劑治療。,流感
好像有流感症狀，為甚麼醫生只開一般藥?流感併發重症是甚麼?,由於引起類流感症狀之病原體很多，流感抗病毒藥劑僅能治療流感病毒引起之感染症狀，因此須經由醫師診療確立病情後，再依指示服藥。罹患流感可能併發嚴重併發症，甚至導致死亡，最常見併發症為肺炎，其他還可能併發腦炎、心肌炎、神經症狀等。,流感
被動物抓傷，可以去哪裡打疫苗嗎?,本署全球資訊網站 <a title='' target='_blank' href='https://www.cdc.gov.tw/Disease/SubIndex/u5dFJL5s1K6uh0EcWVzJYQ'> 傳染病介紹/狂犬病網頁</a>，有公佈「人用狂犬病疫苗接種服務醫院」，您可依據所在地等需求前往接種。,狂犬病
為甚麼醫生說在台灣被狗咬不用打疫苗?,2018年7月25日「人用狂犬病疫苗短缺因應措施專家研商會議」決議，依據農委會88-106年之流浪犬貓狂犬病監測資料，結果皆為陰性，且國內持續推動犬貓動物狂犬病疫苗注射，國內犬貓感染狂犬病毒風險極低，因此「流浪犬貓咬傷者」及家犬貓咬傷者，暫不給予疫苗，動物觀察10日內出現疑似狂犬病症狀，並經動檢機關高度懷疑，則給予疫苗。,狂犬病
怎樣會被傳染狂犬病?,狂犬病病毒隨著動物的唾液，透過動物抓、咬的傷口而感染。,狂犬病
因為要去國外念獸醫，學校說要打疫苗，但醫師說要先申請?,由於暴露前預防接種需注射3劑疫苗後（分別為第0、7及21或28天各施打一劑狂犬病疫苗）才能產生足夠的保護力，如為高風險族群必需在可能的暴露發生前1個月以上事先安排與規劃。,狂犬病
感染狂犬病會有甚麼症狀?,狂犬病初期症狀有發熱、頭痛或咬傷部位異樣感，數天後出現異常亢奮或恐懼現象，然後麻痺、吞嚥困難、咽喉部痙攣，並引起恐水現象（因喝水或看到水引起之喉部痙攣），隨後併有精神錯亂及抽搐等情況，患者常因呼吸麻痺而死亡。,狂犬病
有收到接觸者的通知單，要去哪裡檢查?,接觸者憑「TB接觸者就醫轉介單」可在指定的醫療院所進行檢查，醫療院所清單可諮詢所在地衛生局，也可至本署全球資訊網「潛伏結核全都治」專區查詢。,結核病
要求確認目前結核病的檢查結果?,結核病診斷包括胸部X光檢查、細菌學檢查及病理切片等方式，需要醫師綜合研判，故需本人再回原醫療院所由醫師診療後進行檢驗及病況說明。,結核病
周遭有潛伏結核病的朋友，會不會被傳染,潛伏結核感染（Latent tuberculosis infection；LTBI）者由於尚未發病，是不會傳染給旁人的，但在將來會有發病的可能性，如能接受潛伏結核感染治療，則可有效減少日後發病機會。,結核病
怎樣會被感染到結核病?,結核病的主要傳染途徑是飛沫與空氣傳染。主要是因為帶菌的結核病患者常在吐痰、咳嗽、講話、唱歌或大笑時，產生帶有結核桿菌的飛沫，如果不小心吸入患者產生的飛沫，就有可能感染。結核病不會經由衣服或食器傳染。結核病的傳染途徑通常發生在與病患同住一室的家人或親近接觸的人，與病患的接觸時間長短、是否具有良好的通風環境，是影響被傳染機會的重要因素。,結核病
吃了治療結核病的藥物不舒服怎麼辦?,服用治療結核病的藥物如有不適，應請診治醫師根據臨床狀況判斷，及時安排相關檢查。而為避免治療中斷導致治療時間延長，建議患者皆應納入都治計畫。都治計畫：世界衛生組織強力推薦每一位結核病個案均應實施直接觀察治療（Directly Observed Treatment Short-Course， DOTS，台灣譯為「都治計畫」），由於抗結核的治療過程漫長，而且有部分人員因為自身體質等因素，可能會有治療過程不舒服感或副作用，藉由經過訓練的關懷員執行「送藥到手、服藥入口、吞下再走」，關懷結核病個案服藥治療過程，有效降低個案抗藥性的產生，提高治癒的成功機率，重拾健康。,結核病
某地環境髒亂孳生蚊蟲擔心有登革熱疫情，可以派人來處理嗎?,您可以聯繫當地衛生局或環保機關協助處理。,登革熱
要求提供登革熱相關數據,若您想瞭解登革熱最新疫情資訊，可至<a title='衛生福利部疾病管制署全球資訊網站' target='_blank' href='https://www.cdc.gov.tw/'>衛生福利部疾病管制署全球資訊網站</a>之傳染病統計資料查詢系統查詢。,登革熱
已被通知說要噴藥，詢問噴藥時間及相關事宜?,地方政府執行噴藥前會事先通知，若住戶當時不在，則發放或張貼噴藥通知單，如您需要查詢或確認噴藥相關事宜，可依通知單上的聯絡方式與負責單位溝通，或洽詢當地衛生局。,登革熱
聽說有登革熱的疫情，要怎麼預防?,清除積水容器是預防登革熱最有效的辦法，另可採取防蚊措施避免病媒蚊叮咬，例如：穿著淺色長袖衣褲，皮膚裸露處使用政府機關核可的防蚊藥劑。,登革熱
哪家醫院有提供登革熱的快篩?,您可至<a title='衛生福利部疾病管制署全球資訊網站' target='_blank' href='https://www.cdc.gov.tw/'>衛生福利部疾病管制署全球資訊網站</a>輸入「登革熱NS1 醫療院所」搜尋，即可查閱名單。,登革熱
小朋友感染腸病毒是否有停課標準?,在下列疫情狀況下，建議幼兒園、托嬰中心等學前教托育機構，採取停課措施： <br />(1)衛生福利部疾病管制署公布當年度發生腸病毒71型流行疫情：當機構內同一班級在一週內有兩名以上(含兩名)幼童經醫師診斷為腸病毒感染（手足口病或?疹性咽峽炎等）時，該班級應停課7天。<br />(2)當年度無腸病毒71型流行疫情，但機構所在的鄉鎮市區，若當年度曾由衛生福利部疾病管制署公布有「腸病毒71型檢驗陽性個案」或「年齡在3個月以上的腸病毒感染併發重症個案」時，當機構內同一班級在一週內有兩名以上(含兩名)幼童經醫師診斷為腸病毒感染（手足口病或?疹性咽峽炎等）時，該班級應停課7天。<br />(3)當機構內發生腸病毒D68型感染併發重症確定個案，該個案就讀之班級應停課7天。<br />惟各縣市衛生單位亦會視當地腸病毒疫情狀況，訂定相關停課標準，如有疑問亦可洽詢當地當地衛生單位確認。,腸病毒
小孩感染腸病毒，欲做環境消毒，詢問漂白水比例應如何調配?,建議使用500ppm濃度漂白水消毒。泡製方法：家庭用漂白水（濃度約5～6%）5湯匙（一般湯匙，容量約15～20cc），共約100cc，加入10公升的自來水攪拌均勻即可。,腸病毒
感染腸病毒要請假幾天?,腸病毒在發病後的一週內傳染力最高，原則上建議以發病日起算，請假在家休息7天為原則，以減低傳染的機會。所在縣市如訂有腸病毒請假相關規定，則依其公告為準。,腸病毒
腸病毒重症的危險徵兆有哪些?,感染腸病毒後的5天內，家長與其他照顧者要特別注意病情變化，如果出現「嗜睡、意識不清、活力不佳、手腳無力」、「肌躍型抽搐（無故驚嚇或突然間全身肌肉收縮）」、「持續嘔吐」與「呼吸急促或心跳加快」等腸病毒重症前兆，請務必立即送至大醫院接受適當治療。,腸病毒
感染腸病毒會有哪些症狀?,感染病毒後一般3~5天會出現症狀，但是大多數感染者，沒有臨床症狀或臨床症狀極為輕微，而大部分病例過了幾天之後就會自然痊癒。典型症狀為口腔、手掌、腳掌出現水泡、潰瘍，可能合併發燒，病程為七至十天。,腸病毒
流感之停課措施?,為避免流感的傳播，生病者應在家休養，不上班、不上課；有呼吸道症狀時，應配戴口罩並注意呼吸道衛生與咳嗽禮節。學校/幼兒園/補習班/兒童課後照顧服務班與中心等機關(構)經個別評估(如有必要，可與地方衛生單位及教育單位討論)，需採取停課措施時，建議以發生群聚之班級停課5天(含例假日)為原則。生病者則應持續停課至退燒後至少24小時，才能返回上課。,流感
流感之請假規定?,為避免流感病毒的傳播，且希望流感患者能儘早康復，生病者應儘量在家休養，不上班不上課；如果有呼吸道症狀時，應配戴口罩並注意呼吸道衛生與咳嗽禮節。至於請假部分，則依學校或職場相關規定辦理。,流感
感染流感是否需要隔離?,目前並沒有規定感染流感必須強制隔離。但為避免流感病毒的傳播，且希望流感患者能儘早康復，生病者應在家休養，不上班、不上課；如果有呼吸道症狀時，應配戴口罩並注意呼吸道衛生與咳嗽禮節。</br>另人口密集機構/醫療機構/托嬰中心/學校/補習班/兒童課後照顧服務班與中心/軍營等因居住或活動空間較為擁擠，易傳播病毒，有症狀個案應留置於單獨房室/空間或採集中管制，避免至公共區域，以降低群聚事件發生。,流感
什麼是流感快篩?,流感快篩檢測是臨床醫師診斷流感之輔助工具之一，病人須由醫師依臨床症狀進行專業判斷後，決定是否進行快篩檢測或運用其他工具進行診斷；此外流感快篩試劑有一定敏感度與準確度的限制，且易受檢體內病毒活性及病毒量而影響檢測結果。,流感
什麼是新型A型流感？會人傳人嗎?,"1. 新型A型流感（Novel Influenza A Virus Infections）是指每年週期性於人類間流行的季節性流感A(H1N1)及A(H3N2)以外，偶然出現感染人類的其他動物流感病毒。
2. 走私食品無經過任何食物品質之控管，包括活體之取得及宰殺、生禽畜肉之保存、製造過程及運送過程之衛生條件等環節實難以評估。建議千萬不要購買違法屠宰的禽畜或來路不明的肉品及其製品，應選購有「防檢局屠宰衛生合格」標誌的肉品，並優先選購經殺菌消毒之洗選蛋，散裝零售蛋可能受到禽類糞便的污染，因此購買後要先清洗蛋殼後再烹煮。",流感
吃雞、鴨等禽肉、蛋類或豬肉，會不會感染新型A型流感?,1. 根據世界衛生組織提供民眾食用禽肉或豬肉之建議：以70°C以上烹煮肉品，可以使其病毒不活化。截至目前為止，尚無實例顯示人們經由食用「煮熟」的肉類製品而被感染新型A型流感；因此，食用完全煮熟的肉品相關製品是安全的，但烹煮前的冷凍及解凍過程應謹慎為是，且應避免生熟食交叉汙染。,流感
自費流感疫苗可至哪家醫院、診所施打？,流感疫苗自費市場是由疫苗廠商自行評估國內需求，向國外原廠訂貨進口或自行生產製造，再由醫療院所直接向疫苗廠商採購，提供民眾接種。因此，自費疫苗的供貨，係屬市場機制。建議民眾如有自費接種需求可逕詢各家疫苗公司，賽諾菲股份有限公司(電話：02-21765588)、荷商葛蘭素史克藥廠股份有限公司台灣分公司(電話：02-23818866)、國光生物科技股份有限公司(電話：04-25381220)、台灣東洋藥品工業股份有限公司(電話：02-26525999)或先向醫院及診所預約接種。,流感-疫苗
為何已接種流感疫苗仍感染流感？,由於流感疫苗之保護力因年齡或身體狀況不同而異，疫苗保護效果亦需視當年疫苗株與實際流行的病毒株型別是否相符，因此不論是否接種流感疫苗，建議民眾應落實勤洗手及注意呼吸道衛生，儘量避免出入人潮擁擠、空氣不流通的公共場所，以避免流感病毒侵襲；如出現類流感症狀（如發燒、咳嗽等），請戴上口罩儘速就醫，並在家休息。另依本部疾病管制署流感疫情統計資料顯示，106年度流感季(106年10月至107年9月)通報流感重症個案，未接種流感疫苗者占81.8%，有接種流感疫苗者占18.2%。,流感
中東呼吸症候群冠狀病毒感染症(MERS)的預防措施？,"1. 欲赴中東地區的民眾，請提高警覺並注意個人衛生及手部清潔，同時儘量減少至人群聚集或空氣不流通的地方活動，或與有呼吸道症狀者密切接觸。此外應避免前往當地農場、接觸駱駝或生飲駱駝等動物奶，並應儘可能避免出入醫療機構，以降低受感染可能性。
2. 自中東地區入境的民眾，若出現發燒或有急性呼吸道症狀，應主動通報港埠檢疫人員，並配合接受檢疫及後送就醫作業，進行採檢與醫學評估；返國14天內，若出現呼吸道症狀或有發燒症狀，則應配戴口罩儘速就醫治療，並主動告知醫護人員旅遊史與接觸史。",中東呼吸症候群冠狀病毒感染症
流感抗病毒藥劑付費問題,目前流感抗病毒藥劑並未納入健保給付，屬自費項目。然而為因應全球新型流感大流行之防疫需求，本部疾病管制署依世界衛生組織及國內專家建議，採購及儲備克流感等流感抗病毒藥劑，訂定公費藥劑使用對象，提供醫療使用於感染流感後容易併發重症的高危險群(如5歲以下嬰幼兒、65歲以上老人、慢性病病人、孕婦等)，為善用國家資源，會在流感流行高峰之特定期間公告釋出效期最短藥劑，擴大適用之對象範圍。,流感
請問年度防疫物資-個人防護裝備查核作業的依據及查核項目規定?,本部疾病管制署依據防疫物資及資源建置實施辦法第14條及本部食品藥物管理署醫療器材管理辦法第3條規定，訂定年度防疫物資-防護裝備查核作業，其電子檔每年會公告於本部疾管署防疫物資管理資訊系統(MIS)首頁及全球資訊網之專業版/防疫夥伴/防疫應變準備資訊/個人防護裝備頁面。,
請問醫院儲備的外科口罩、N95口罩及防護衣應檢附哪些文件或報告?,"1. 外科口罩應符合CNS 14774「外科手術面(口)罩」之性能規格，並領有醫療器材第二等級許可證。107年起新採購之口罩應提出各廠牌產品符合國家標準CNS14774之5項檢測報告，其報告日期為採購日期前一年內。
2. N95等級（含）以上口罩應符合CNS14755「拋棄式防塵口罩D2等級」或美國NIOSH認證N95等級或歐規EN149：2001認證FFP2等級以上之性能規格要求，並領有醫療器材許可證。
3. 107年起新採購之連身型防護衣及隔離衣應領有醫療器材許可證。",
有關登革熱化學防治，若依衛生所通知需配合噴藥，可請公假之時數?,依據傳染病防治法第38條第2項規定，如經主管機關通知且親自到場配合防疫工作，並確實有向工作單位請假需求之民眾，其所屬工作單位應給予公假，而通知民眾配合噴藥之主管機關，應依防疫工作實際需要訂定給予公假時數之原則，並於通知民眾配合實施緊急防治工作時對民眾妥為說明，給予公假時數，原則上每次以一日為限。,登革熱
如果感染登革熱會被強制隔離或限制出境嗎?,登革熱是屬於第二類法定傳染病，依傳播途徑屬於蚊媒傳染病，並不會直接人傳給人。傳染病防治法中，並無強制患者應在家隔離及不得外出的規定，但為有效防止疫情蔓延，呼籲患者於生病期間儘量勿外出、做好防蚊措施、睡覺時掛蚊帳，如因必要的活動而須跨國或跨縣市活動時，請穿淺色長袖衣褲、使用政府主管機關核可之防蚊藥劑，注意避免遭蚊子叮咬。,登革熱
市面上防蚊液種類、成分眾多，該如何挑選有效的防蚊液?,政府主管機關核可的防蚊藥劑，依照所含安全有效化學成分的不同，分為二類，一類是含有DEET（待乙妥/敵避）的防蚊藥劑，另一類含有picaridin（派卡瑞丁），這兩類防蚊藥劑皆可有效達到防蚊效果，其中環保署核准含有DEET的「環境衛生用藥」，可噴灑於居家環境如紗窗、紗門上，或於戶外登山、露營時，噴灑於帳篷，避免蚊蟲跟隨進入，達到防蚊效果，但應避免噴灑於皮膚、衣物上。無論使用哪一種防蚊藥劑，都須留意說明書上的說明及注意事項，是否有加註說明「得使用於人體裸露之皮膚」或「本產品不可噴灑於皮膚或衣物上」，並依照指示說明使用。,登革熱
「家犬寵物即使注射狂犬病疫苗，仍無法進入國家公園及森林遊樂區嗎?」,本項涉及動物狂犬病防治與國家森林遊樂區管理業務，分屬行政院農業委員會動植物防疫檢疫局及行政院農業委員會林務局業務權管範疇，建請洽詢前述機關，提供相關諮詢電話供參（行政院農業委員會動植物防疫檢疫局諮詢專線(02)2343-1401，行政院農業委員會林務局諮詢專線(02)2351-5441）,狂犬病
腸病毒現在有沒有統一的停課（托）標準？,為因應防疫實務的需要，同時考量腸病毒每年均有流行，過度停課將對於社會成本造成嚴重耗損，本部疾病管制署訂有「教托育機構因應腸病毒疫情之停課建議」，主要是針對幼兒園、托嬰中心等「5歲以下腸病毒重症高風險族群」聚集的學前教托育機構，當其具有「重症群聚風險」時，方建議採取停課措施。但上述停課建議並非強制性，地方政府可依傳染病防治法第37條第1項第6款所賦予之權責，衡酌其轄內的社會型態、托育資源及防疫需求，訂定符合轄內需求的停課標準，因此目前各縣市的停課（托）標準並不完全一致，如有需要，可直接洽詢所在縣市之衛生局、教育局或社會局瞭解相關規定。,腸病毒
要預防腸病毒感染，家裡或學校、幼兒園等環境，應該如何使用漂白水進行消毒？,"1.? 不論是家裡或學校、幼兒園等環境消毒，建議使用500ppm濃度的漂白水消毒。
2.? 泡製方法：市售家用含氯漂白水（濃度約5～6%）5湯匙（一般湯匙，容量約15～20cc）加入10公升的自來水攪拌均勻即可。至於10公升自來水估算方式，可以用1，250cc容量大寶特瓶，連續使用8瓶，就等於10公升左右。
3.? 針對常接觸物體表面（門把、課桌椅、餐桌、嬰兒床柵欄及樓梯扶把等）及玩具、遊樂設施等做重點性消毒即可。其中擦拭消毒的接觸時間建議超過10 分鐘，之後可再以清水擦拭，以降低異味；浸泡消毒的接觸時間建議超過30 分鐘。",腸病毒
麻疹的症狀為何?如出現疑似麻疹症狀，該怎麼辦？,"麻疹的初期症狀與感冒很像，前驅症狀包括發燒、鼻炎、結膜炎（畏光、流眼淚、眼睛發紅）、咳嗽等。在前驅症狀3到4天後會出現紅疹。臨床上少數個案也可能沒有出疹或出疹型態不典型。
出現疑似麻疹症狀時，應儘速戴口罩就醫，避免搭乘大眾運輸工具。若已被衛生單位通知是麻疹病例的接觸者，應落實自主健康管理，出現上述症狀時，應進行自我隔離並電話通知衛生機關，由衛生機關通知醫院預先規劃動線，且全程戴口罩並避免搭乘大眾運輸工具，以免傳染給其他候診的病人及家屬。",麻疹
公務人員及勞工感染水痘是否可請公假？,依據公務人員請假規則第4條第10項，「公務人員罹患『法定傳染病』且經各級衛生主管機關認定應強制隔離者，得請公假」，並非只要罹患傳染病即可請公假。再者，自103年元月起，「水痘」已非法定傳染病，自然不適用於前述請假規定。勞工罹患傳染病，仍應依照勞工相關法令辦理請假事宜。,水痘
外國籍愛滋感染者是否可來台工作?,"1.? 自104年2月4日起，「人類免疫缺乏病毒傳染防治及感染者權益保障條例」已取消外國籍愛滋病毒(HIV)感染者之入境、停留及居留限制，也取消此項健檢項目，因此雇主不會知悉僱用勞工是否感染HIV，且前項條例亦有保障感染者就業權益之相關規定。
2.? 外籍人士來台可至愛滋病指定醫事機構就醫（醫事機構名單可至本部疾病管制署全球資訊網專業版/傳染病介紹/第三類法定傳染病/人類免疫缺乏病毒感染/治療照護/指定醫事機構(醫院，藥局)/愛滋病指定醫事機構名單下查詢；<a target=""_blank"" href=""https://bit.ly/2CwdFIg"">https://bit.ly/2CwdFIg</a>）
3.? 目前我國不補助外籍人士治療愛滋之費用，每年治療費用約需新臺幣30萬元（包含藥費及自費醫療診察費等）。然若外籍感染者於我國就醫並確診通報，自費服藥2年後，仍具健保身分者，其醫療費用可由健保以慢性病照護模式給付。
",愛滋病
之前聽聞政府打算開放男性間性行為者與吸食毒品者可以捐血，是真的嗎?,男性間性行為者與曾吸食毒品者捐血限制之修正，經107年3月12日至5月11日預告後，因各界所提之意見相當分歧，故捐血之規定並未改變，仍為永不得捐血。,愛滋病
有人在網路上造謠某人為愛滋感染者或發表歧視言論，是否可以「傳染病防治法」或「人類免疫缺乏病毒傳染防治及感染者權益保障條例」裁處?,"1.? 「傳染病防治法」及「人類免疫缺乏病毒傳染防治及感染者權益保障條例」係針對散布「不實的流行疫情」或洩漏傳染病人或感染者隱私進行規範，若只是聲稱某暱稱為感染者之情形，恐難以前開法規之行政罰論處。
2.? 倘若民眾認為網友散布他人為愛滋感染者訊息之行為或發表歧視言論，已經構成對個人名譽之妨害，或有其他權益受到不法侵害，可依刑法或民法相關規定向警察局或地方法院提出告訴。
3.? 本部疾病管制署亦將針對不實言論逕行舉發，並於官網澄清專區針對各式謠言加強澄清，主動監測網路社群媒體之相關言論，如有違反傳染病防治法之虞，將立即進行處理。",愛滋病
之前聽聞民間團體召開記者會提到現行台灣血液基金會每年仍會檢出帶有愛滋病毒的血袋，若我未來因手術需輸血，會不會被感染到愛滋?,台灣血液基金會自102年2月全面採用最新式的核酸擴大檢驗法，將可檢測到愛滋病毒的空窗期縮短到11天，大幅提升血品安全，且自該方法學引進後至今未有因輸血感染愛滋的案例發生，至於每年仍有檢出帶有病毒的血袋，亦說明現行的捐血限制仍無法針對特定高風險對象進行區隔，需靠科學檢驗技術嚴格把關。,愛滋病
感染HIV外國人只要在臺灣服藥滿2年就可以由健保給付？,"1.? 外籍人士受聘在台工作，或因就學等因素申請在台居留，並合法居留六個月以上，才能享有健保；而自106年2月4日起，外籍人士愛滋感染者確診後應自費在國內開始服藥2年後，具健保身分者，其醫療費用由健保以慢性病照護模式給付。
2.? 事實上，外籍感染者來台免費治療愛滋，必須通過5道關卡（包括：(1)受聘在台工作，或獲得合法居留身分，(2)取得居留證明文件需居留滿6個月，(3)愛滋感染被通報列管，(4)開始治療的前2年自付藥費(一年約20萬元)，(5)在台有就醫治療紀錄），才能獲得健保給付。
3.? 依「全民健康保險法」第1條規定，全民健保為強制性之社會保險，於保險對象在保險有效期間，發生疾病、傷害、生育事故時，依健保法規定給付。外籍人士除非是受聘來台工作，否則需領有居留證明文件且在台居留滿六個月，才能享有健保。
4.? 因此，若申請居留原因不存在，自然不能參加全民健保。",愛滋病
政府對於刺青、紋身、紋眉等行業如何輔導與管理？,刺青、紋身、紋眉等行業係屬各縣市政府管理權責，由各縣市政府因地制宜自行訂定規範，並對其轄管刺青、紋身、紋眉業者及從業人員辦理衛生講習，加強其器械消毒、自主管理及傳染病防治之知能。倘民眾於刺青、紋身、紋眉後產生消費爭議，可依消費者保護法第43條，得向業者、消費者保護團體或各縣市政府消費者服務中心或消保官申訴。,愛滋病
結核病怎麼傳染的? 需要住院治療嗎?,"1.? 結核病的傳染途徑主要是空氣傳染，傳染性的結核病患者經由咳嗽、打噴嚏、說話、唱歌等將包在分泌物的細菌排在空氣中，被健康的人吸入造成感染。
2.? 一般經診斷為傳染性結核病患者，為調整治療處方用藥及觀察治療效果、減少治療副作用，在一開始服藥的前兩個星期，儘量在家療養，並加入都治服藥，不要進出人口稠密的公共場合。規則服藥兩週或痰檢驗呈陰性，可恢復正常生活作息，並不一定要住院治療。",結核病
什麼是潛伏結核感染? 如何得知自己是否有潛伏結核感染？,"1.? 結核菌進入人體後在肺部會被肉芽組織包覆，當身體免疫力夠時，可控制不發病，這種平衡的狀態稱之為潛伏結核感染。
2.? 想要了解自己是否有感染結核菌，目前有2種檢驗方法，分別為丙型干擾素釋放試驗(Interferon-γ release assays， IGRAs)或皮膚結核菌素測驗(Tuberculin skin test， TST)。如果您曾接觸高傳染性結核病個案，衛生單位公衛管理人員會協助轉介您至合作醫院接受檢查和治療評估。",潛伏結核感染
結核病人可以照常工作、生活、結婚、生育嗎?,"1.? 傳染病防治法第12條規定：政府機關（構）、民間團體、事業或個人不得拒絕傳染病病人就學、工作、安養、居住或予其他不公平之待遇，除非經主管機關基於傳染病防治需要限制者。因此，罹患結核病者只要規則服藥仍可繼續上班、上課。
2.? 不過若您是診斷為傳染性結核病時，為了您及周圍民眾的健康著想，建議在一開始服藥的前兩個星期，能夠儘量在家療養，並加入都治服藥，不要到人口稠密的公共場合去。等到規則服藥兩週或痰檢驗呈陰性以後，就可以恢復原來的作息了。
3.? 此外結核病人只要規則治療，一樣可以結婚，享受性生活，如果能夠與醫師配合，規則服藥、定期回診，也可以照常的工作。但是女性患者在治療期間最好不要懷孕，因為治療過程中往往需要接受Ⅹ光檢查，會有諸多不便。所以，如果一旦發現懷孕，應儘快告知醫師避免Ⅹ光檢查，並請醫師調整結核藥物。 
4.? 結核菌經由胎盤傳染給胎兒，引起先天性結核病的機會極低；再加上目前有三種對胎兒無害的抗結核藥物可供選擇，因此即使懷孕了也不必擔心。另需注意，服用抗結核藥物會使口服避孕藥失效，請改採其他避孕方法。",結核病
潛伏結核感染檢驗呈陽性怎麼辦? 會馬上變成結核病人嗎?我該如何處理?,"1.? 如果結核菌素測驗/丙型干擾素釋放試驗呈陽性反應，代表您曾被結核菌感染，但不代表目前發病，被感染還沒有發病的人是沒有任何症狀的，也不會傳染給別人，毋須擔心。
2.? 一般人受到結核菌感染後，終其一生約有5-10%的發病機會，且距離受感染的時間愈近，發病機會愈大。然而感染後是否發病，會因為個人的健康狀況、免疫狀態等因素而不同。因此，依照衛生單位建議於約定的時間內進行檢查，才能早期診斷早期治療；或者排除被感染與發病的可能，免除不必要的擔憂。
3.? 如經檢查診斷為潛伏結核感染，只要透過治療，即可有效降低日後發病的可能性，研究數據顯示，治療的保護力高達9成。因此，如您檢驗發現有潛伏結核感染，公衛人員會協助轉介您至潛伏結核感染治療的合作醫師，由醫師依據臨床症狀及檢查結果，綜合判定是否進行潛伏結核感染治療。",潛伏結核感染
接種流感疫苗可以正常哺乳/餵母奶嗎？,可以！哺乳與接種流感疫苗並沒有任何衝突，因為哺乳中的媽媽跟寶寶會有親密的接觸，所以媽媽接種疫苗也可以降低寶寶感染流感的機會喔。,流感-疫苗
我要通報傳染病,"如您是一般民眾，請您撥打免付費防疫專線1922進行通報；如您為醫療人員，您可使用傳染病通報系統進行通報，相關資訊請見以下網址。
<a target=""_blank"" href=""https://www.cdc.gov.tw/Category/MPage/bkhUQG-c1G_sujF96MLmsg"">https://www.cdc.gov.tw/Category/MPage/bkhUQG-c1G_sujF96MLmsg</a>",傳染病
自費淋病用藥藥多少錢?,淋病之治療藥物屬健保給付範圍，您可就近至各健保特約醫事機構(醫院及診所)，並支付門診掛號費，即可接受淋病治療。,淋病
「潛伏結核全都治」與過去潛伏結核感染（LTBI）治療做法有什麼不同？,"本計畫相較於過去做法，有3項新策略：
1.??? 對象不同：LTBI診斷及治療評估對象由民國75年以後出生之密切接觸者擴展至全年齡層接觸者。
2.??? 檢驗方式不同：主要LTBI診斷工具由皮膚結核菌素測驗（TST），改為以年齡區分，5歲以上接觸者以丙型干擾素釋放試驗（IGRA）為LTBI診斷工具，未滿5歲接觸者以TST為LTBI診斷工具。
3.??? 增加處方選擇：除傳統9個月daily isoniazid處方（9H），增加提供「速克伏」12個劑量之短程治療處方（high dose of isoniazid合併rifapentine；3HP）選擇。另，自106年8月1日起，針對isoniazid抗藥且rifampin敏感指標個案之接觸者，新增提供4個月rifampin (4R)處方。
",都治
「潛伏結核全都治」什麼時候開始？,"「潛伏結核全都治」分為2階段推行：
1.??? 第一階段：105年3月1日起全面以IGRA做為5歲以上接觸者主要LTBI診斷工具，同步開放健保署代收代付申報。
2.??? 第二階段：105年4月1日起增加提供「速克伏」短程治療處方之選擇。
",都治
要如何成為LTBI治療指定醫院？,本署於每年11月調查次年度各縣市LTBI治療指定醫院，倘醫院/醫師了解並有意願配合LTBI治療政策，可向醫院所在地縣市衛生局申請成為指定醫院/合作醫師。,LTBI
本計畫有關健保代收代付三項新增給付項目，會影響原來接觸者檢查或LTBI治療的健保給付嗎？是否會影響總額及打折？,為使「潛伏結核全都治計畫」順利推動，有關結核病接觸者檢查及潛伏結核感染治療，除原申報之健保費用及本署補助之部分負擔費用外，本署另提供上述三項給付項目，不會影響原本健保申報及給付，亦不會納入總額計算，且採1點1元給付。,
執行IGRA（QFT?）抽血之醫院，如何取得採血管？,衛生局會定期調查各合約實驗室IGRA採血管使用需求，進行配送，實驗室如與數個縣市合作僅須向所在地衛生局提出需求量即可。,IGRA
如果抽血失敗，是否可以申報「結核病接觸者衛教諮詢及抽血」項目？,應儘可能給予接觸者衛教且執行抽血，但如血量不足以進行後續檢驗，且確定無法再進行抽血者，已執行抽血之LTBI治療指定醫院仍可以申報該項目，但請於其「TB接觸者就醫轉介單」上註明「抽血失敗」，並請個案回衛生所改以TST進行服務，做為LTBI診斷工具。台北市部分，則依現行狀況由具有合格TST 試驗人員之醫院進行TST服務。,
醫院工作者若為接觸者，也適用「潛伏結核全都治計畫」進行IGRA及LTBI治療嗎？,醫院工作者倘被匡列為接觸者，應依感染控制計畫進行追蹤。另考量其重複暴露結核菌之風險高，若符合全都治LTBI治療對象且有意願治療者，可進行IGRA以瞭解其感染情形，陽性則可給予LTBI治療。倘若發生確定聚集事件則依結核病防治工作手冊第12章「疑似結核病聚集事件處理」進行LTBI診斷評估。,都治
懷孕之接觸者經LTBI檢驗結果為陽性，是否可待產後再開始進行LTBI治療？,懷孕之接觸者如不願在孕期接受治療，建議儘快在生產3個月後進行LTBI治療；倘懷孕之接觸者願意於孕期接受治療，須經評估臨床上無活動性結核病症狀、痰液檢查結果陰性，即使未經CXR評估亦可以進行LTBI治療。若個案已處在懷孕後期，照射胸部X光對胎兒影響較小，可考慮用鉛衣局部保護胎兒後進行胸部X光檢查，以排除活動性結核，再進行LTBI治療。,LTBI
公衛端送驗IGRA血液檢體至合約實驗室，實驗室沒有過卡應如何申報？,"請依下列方式擇一辦理：
1.若送驗端（執行採血之衛生所/醫療院所）為LTBI治療指定醫院，由送驗單位進行申報，再將申報所得費用撥付予實驗室。
2.無醫療門診或非LTBI治療指定醫院之衛生所請將接觸者轉介至合作之LTBI治療指定醫院執行抽血及檢驗，由該LTBI治療指定醫院進行申報。
3.少部分無醫療門診或非LTBI治療指定醫院之衛生所且轄區無LTBI治療指定醫院可協助執行抽血及檢驗者，則由公衛端執行抽血，並送地方政府衛生局合作之實驗室進行檢驗，公衛端不可申報健保，檢驗費用則由本署補助地方政府衛生局經費中支應。",IGRA
我們醫院不是合約實驗室，也可以進行IGRA檢驗並申報嗎？,倘貴院為LTBI治療指定醫院，具備IGRA檢驗相關設備及能力，並完成廠商辦理之IGRA檢驗教育訓練，可與衛生局合作，由衛生局開立「TB接觸者就醫轉介單」至貴院抽血或逕送檢體檢驗，貴院亦可申報E4005C「丙型干擾素釋放試驗IGRA檢驗（不含試劑費）」項目300點。,IGRA
如果我們醫院有意願加入套裝給付服務，但無IGRA檢驗能力時，1.是否可委由公衛端轉送檢體至代檢網實驗執行檢驗？2.若委由其他實驗室執行IGRA檢驗，如何申報檢驗費用？,倘LTBI治療指定醫院可執行衛教及抽血，但無法執行IGRA檢驗，衛生局可與指定醫院合作建置採血點，由指定醫院採血後將檢體送至衛生局合約之實驗室或指定醫院委託之實驗室，指定醫院申報「結核病接觸者檢查衛教諮詢及抽血」、「丙型干擾素釋放試驗IGRA檢驗（不含試劑費）」項目，檢體運送方式請衛生局與指定醫院協調規劃後續送驗流程。另執行IGRA的實驗室須具備IGRA檢驗相關設備及能力，並完成廠商辦理之IGRA檢驗教育訓練。,LTBI
檢驗完成後怎麼發報告？,原本已與本署「中央傳染病追蹤管理系統」設定自動介接之實驗室，請將檢驗結果登錄至法傳系統結核病代檢網檢驗報告單「IGRA檢驗欄位」，登錄完成後結果可自動帶入追管系統，且報告將自動傳真予送驗單位，有關介接相關事宜，可向本署洽詢（poweichu@cdc.gov.tw）。無設定自動介接之實驗室，請衛生局與實驗室雙方溝通協調，將結果登錄至追管系統。,IGRA
倘不同醫院重複申報同一個案抽血等項目時，會被核刪嗎？,依照目前的運作流程，每例對象於1年內針對特定時程進行接觸者檢查（例如第3個月接觸者檢查），應只會收到一張「接觸者轉介單」，故發生之機率不大，當本署檢核發現該情況時，會瞭解原因，倘非可歸責於醫院時，則不會進行核刪。,
什麼是「速克伏」短程治療處方？,「速克伏」短程治療處方即isoniazid 900mg合併rifapentine 900mg，每週服藥一次，共服用12個劑量，12週（約3個月）完成治療。,速克伏
使用「速克伏」短程治療處方有年齡限制嗎？,依據美國CDC建議，「速克伏」短程治療處方建議使用年齡為2歲（含）以上。未滿2歲之兒童，因缺乏臨床試驗數據，不予建議。,速克伏
哪些人不適用「速克伏」短程治療處方？,"有3類族群不適用：孕婦（或準備懷孕的婦女）、INH或RMP抗藥指標個案的接觸者及未滿2歲之兒童。此外，若個案同時服用其他易與rifapentine產生藥物交互作用之藥物（如： coumadin， methadone， phenytoin…）者（詳見附表一），亦須評估是否適用速克伏處方。<a target=""_blank"" href=""https://www.cdc.gov.tw/File/Get/cCFCc4Xz1wfB862BeIIuDg"">https://www.cdc.gov.tw/File/Get/cCFCc4Xz1wfB862BeIIuDg</a>",速克伏
倘接觸者TST檢驗結果為+20 mm，經INH治療2個月後，因肝炎停藥（無症狀，肝功能異常高於基本值5倍），現在政策提供「速克伏」短程治療處方，是否可以讓該名個案改用「速克伏」治療？,若個案願意繼續接受LTBI治療，可以改用「速克伏」短程治療處方。,TST
使用「速克伏」短程治療處方應注意什麼？,"1.??? 使用「速克伏」者均應加入DOPT，關懷員以一般親眼目睹或視訊方式關懷個案服藥。醫療端向個案說明服藥規範，請個案與公共衛生護士聯繫，討論每次服藥時間，以利個案預先規劃其個人行程。
2.使用rifapentine，體液或某些身體組織可能變橘紅色，例如：皮膚、牙齒、舌頭、尿液、糞便、唾液、痰液、淚液、汗液、腦脊髓液。此外，隱形眼鏡或假牙可能被永久染色。
3.已知紫質症（porphyria）的病人，rifampin使用會使疾病本身惡化，故避免開立rifapentine。
4. rifapentine抑制荷爾蒙避孕藥的效用，因此應該建議使用口/經皮貼片/或其他全身性荷爾蒙避孕藥的個案，改用其他非荷爾蒙避孕法，例如保險套等。
5. rifapentine會活化CYP450之3A4與2C8/9，經由CYP450代謝的藥物與rifapentine合併使用的話，可能導致這些藥物的血中濃度降低，療效減低。rifapentine誘導的?活性在首次投予後4天發生，?活性在停止使用rifapentine之後14天恢復。比較重要會因交互作用而被降低濃度的藥物，例如：coumadin、methadone、phenytoin等。對於Azole類抗黴菌藥物，中樞神經抑制藥物或三環抗憂鬱劑，以及使用免疫抑制劑，如：cyclosporine， tacrolimus等，也常有交互作用。在需要此類藥物的病人，需知會處方之臨床醫師，以利病人其他疾病的控制和生活品質（請見附件一、可能與rifapentine產生交互作用之藥物 ）。使用抗愛滋病毒藥物之HIV感染者，其藥物交互作用為可接受之程度，建議於醫師評估下可安心使用。
<a target=""_blank"" href=""https://www.cdc.gov.tw/File/Get/cCFCc4Xz1wfB862BeIIuDg"">https://www.cdc.gov.tw/File/Get/cCFCc4Xz1wfB862BeIIuDg</a>",速克伏
開立「速克伏」短程治療處方，一次可開立12個劑量嗎？,LTBI治療個案需每月返診，以評估服藥情形及是否造成副作用，故一次處方最多只能開立4個劑量，亦不可開立慢性病連續處方箋。,速克伏
≧35歲之IGRA陽性個案，LTBI治療前必須檢測肝功能及HIV，在HIV檢驗上，應如何向病人解釋說明？,"因B、C肝病人及HIV感染者在進行LTBI治療時，肝毒性風險增加，故於治療前應先辨認出上述個案，以利後續之治療監測。倘若個案已知自身為HIV陽性病人，即無需再次檢測，若個案並不了解自身狀態，則可向個案溝通、說明HIV感染者在治療上會遇到肝毒性增加的風險，故安排HIV篩檢（如ELISA檢驗）或後續確認之檢驗，俾調整監測頻度以即時進行適當處置。
另接觸者及HIV感染皆為結核病高發病風險族群，而接觸者合併HIV感染其結核病發病風險更是倍增，倘辨認出此類個案，建議給予LTBI治療。",IGRA
服用「速克伏」短程治療處方者，倘有副作用，應如何處置？,"如果發生過敏反應，建議停藥並視臨床需要給予支持療法。若遇到發燒的flu-like syndrome，經驗上先鑑別診斷是否有其他發燒的疾病，例如類流感要排除流感、有泌尿道症狀要排除泌尿道感染等，再依各疾病對症治療。若排除感染，可給予支持療法，例如普拿疼解熱鎮痛。部分個案噁心嘔吐厲害，可使用服藥前止吐劑，來緩解服藥當下的不適。若遇到肝炎，依停藥標準處理，原則上不再re-challenge同樣的處方。其他的副作用，可考慮re-challenge 「速克伏」，若失敗亦可考慮轉換成9H。
倘任何副作用由衛生局所人員發現，均會協助服藥者儘快回診就醫，諮詢醫師之意見。另為協助醫師，本署除了已建立合作醫師電子郵件群組，定期發送相關訊息，另在計畫初期，定期舉辦電話會議，邀請專家們列席，讓醫師及個管師自由參加提問討論；並成立諮詢醫師專線，可透過1922反映，本署防疫醫師會主動與您聯繫，協助解決相關問題。",速克伏
服用「速克伏」短程治療處方如有副作用，可以申請藥害救濟嗎？,因rifapentine已取得我國藥證，符合申請藥害救濟的範圍。如出現嚴重副作用，請依一般藥害救濟申請程序辦理。,速克伏
發生不可預期的嚴重不良反應（住院或者死亡）時，應如何處理？,"除了鼓勵臨床醫師向全國不良反應通報中心通報之外 <a target=""_blank"" href=""https://adr.fda.gov.tw/Manager/WebLogin.aspx"">https://adr.fda.gov.tw/Manager/WebLogin.aspx</a>，倘服用速克伏至少一劑後，產生嚴重副作用（住院或者死亡），請透過1922進線，通報嚴重不良反應，本署將派員儘速至醫院陪同診治醫師了解嚴重不良反應，是否與藥物安全性有關。",
4個月rifampin (4R)處方的適用對象是誰？,4R處方適用對象為藥物敏感性試驗對isoniazid抗藥且rifampin敏感指標個案之接觸者，使用4R處方者一定要參加都治計畫(DOPT)，DOPT或eDOPT皆可。,4R
什麼時候開始可以使用4R處方？,自106年8月1日起診斷出isoniazid抗藥且rifampin敏感指標個案之接觸者可以使用4R處方。,4R
4R處方的劑量應怎麼給予？,劑量給予的計算方式為成人：10 mg/kg，兒童：10-20 mg/kg，最大劑量為600mg，每日服用，完成療程共需服藥120個劑量，約4個月的時間。,4R
使用4R處方是否有年齡限制？,無年齡限制。,4R
誰使用4R處方要特別留意？,正在進行ART治療的HIV感染者，要留意藥物間交互作用，可能不適用4R處方。,4R
藥敏全敏感指標個案的接觸者可以使用4R處方嗎？,不建議使用4R處方。為避免廣泛使用rifampin致抗藥性增加，4R處方僅限於isoniazid抗藥且rifampin敏感指標個案之接觸者使用，isoniazid敏感指標個案的接觸者建議使用9個月isoniazid (9H)處方，若isoniazid及rifampin均為敏感指標個案之接觸者，9H及速克伏(3HP)處方均可使用。,4R
如果個案拒絕加入都治計畫，有什麼治療的選擇？,接受LTBI治療者均建議加入都治計畫，透過關懷員關懷目視服藥 (DOPT或eDOPT皆可)，可及早發現不良反應，避免嚴重傷害，順利完成療程。若個案不接受都治，則不建議醫師開立4R處方。,4R
懷孕或哺乳中的婦女可以使用4R處方嗎？,"懷孕或哺乳中的婦女若為isoniazid抗藥指標個案之接觸者，可以使用4R處方，而治療與否，建議應以發病風險來考慮。
由於懷孕和產後三個月婦女治療時發生肝毒性的機會可能增加，若非HIV感染者或親密接觸者，可考慮延後至產後三個月開始LTBI治療，但仍應以接觸者發病風險來考慮是否延後給予LTBI治療。",4R
洗腎個案可以使用4R處方嗎？,洗腎個案仍可使用4R處方，不需調整劑量，惟洗腎當日之藥物應於洗腎後給予。,4R
使用4R處方可能會出現什麼不良反應？,"可能會出現的不良反應如下：
1.肝毒性。
2.血液異常（血小板減少症，溶血性貧血）。
3.紅疹或搔癢。
4.疲勞或食慾不振。
5.腹部不適。
6.發燒或發冷。
如服藥後出現不適症狀，請立即與都治關懷員連繫，讓公衛護理人員及醫師協助您。
",4R
使用4R處方有什麼注意事項？,"1.? 使用4R處方者均應加入DOPT，關懷員以一般親眼目睹方式關懷個案服藥 (DOPT或eDOPT皆可)。醫療端向個案說明服藥規範，請個案與公共衛生護士聯繫，討論每次服藥時間，以利個案預先規劃其個人行程。
2.使用rifampin，體液或某些身體組織可能變橘紅色，例如：皮膚、牙齒、舌頭、尿液、糞便、唾液、痰液、淚液、汗液、腦脊髓液。此外，隱形眼鏡或假牙可能被永久染色。
3.Rifampin可能會與其他藥物有交互作用。包含：口服避孕藥、coumadin類抗凝血劑、口服降血糖藥物等等，請需注意藥物交互作用，請參見結核病診治指引第六章。
4.Rifampin抑制荷爾蒙避孕藥的效用，因此應該建議使用口/經皮貼片/或其他全身性荷爾蒙避孕藥的個案，改用其他非荷爾蒙避孕法，例如保險套等。",4R
服用4R處方如有嚴重副作用，可以申請藥害救濟嗎？,可以，使用4R處方如出現嚴重副作用，請依藥害救濟申請?程辦理。,4R
使用4R處方治療過程中需要做哪些監測？,"治療潛伏結核感染時，仍須留意肝炎的副作用。過去的系統性回顧顯示4R治療導致停藥的肝毒性比例約為0–0.7%，相較於9H（1.4–5.2%）為低1，台灣監所收容人使用4R導致肝毒性停藥比例為0％2。因此治療期間的肝炎副作用監測，依現行診治指引之建議應已足夠，主要是評估個案若有慢性肝病、其他潛在可能引起肝炎的狀況或年齡? 35歲，建議常規進行治療前的檢驗，後續再依照肝炎風險高低，來考慮增加肝炎的監測頻率。此外，建議在用藥前檢驗CBC/DC基礎值。治療期間的追蹤建議請參見結核病診治指引第十章。
Reference: 
1. Ziakas et al. CID 2009; 49:1883–9.
2. Chan et al. IJTLD 2012; 16(5):633–638
",4R
4R處方用藥如何申報費用？,4R處方用藥(rifampin)為健保支付用藥，故同9H處方方式，依循健保申報方式辦理。,4R
有關健保署代收代付，可以申報哪些項目？,"有關結核病接觸者檢查及LTBI治療，除原作法，亦即接觸者憑「TB接觸者就醫轉介單」至醫療院所接受檢查及治療，醫療院所申請健保醫療給付及本署部分負擔費用外，另額外新增三項給付項目（即「套裝給付」），分別是：
1.E4003C「結核病接觸者檢查衛教諮詢及抽血」100點
2.E4004C「丙型干擾素釋放試驗IGRA檢驗（不含試劑費）」300點
3.E4005C「潛伏結核感染治療衛教諮詢」100點
",潛伏結核感染
哪些醫療院所除原健保醫療給付外，可以申報上述新增三項給付項目？,醫療院所須為潛伏結核感染治療指定醫院方可申報。,潛伏結核感染
衛生所如果有醫療門診，且為LTBI治療指定醫院，是否可以申報？,倘接觸者至衛生所醫療門診就醫，接受衛教諮詢、抽血、LTBI治療等服務，衛生所可以申報對應之健保代辦項目。,潛伏結核感染
符合哪些條件才可以申報這些新增健保代收代付項目？,"給付條件如下：
1.執行結核病接觸者檢查衛教諮詢、抽血者，可申報「結核病接觸者檢查衛教諮詢及抽血」項目100點。
2.執行丙型干擾素釋放試驗IGRA檢驗者，可申報「丙型干擾素釋放試驗IGRA檢驗（不含試劑費）」項目300點。
3.倘潛伏結核感染檢驗（TST/IGRA）結果為陽性，經合作醫師評估通過而加入潛伏結核感染治療，首次處方開立可申報「潛伏結核感染治療衛教諮詢」100點。故TST/IGRA檢驗陰性者，就診醫院無法申報該項目。
",潛伏結核感染
5歲以上接觸者因個人因素，抽血失敗，應如何處置？,應儘可能給予接觸者衛教且執行抽血，但如血量不足以進行後續檢驗，且確定無法再進行抽血者，請於「TB接觸者就醫轉介單」註明「抽血失敗」，並請個案回衛生所改以TST進行服務，做為LTBI診斷工具。台北市部分，則依現行狀況由具有合格TST 試驗人員之醫院進行TST服務。,潛伏結核感染
接觸者若曾進行TST或IGRA檢驗結果為陰性者，此次因再度曝觸結核病個案又被匡列為接觸者，可以再做IGRA檢驗嗎？,若曾經曝觸成為接觸者，進行TST或IGRA檢驗結果為陰性，當再度曝觸另一名個案致符合接觸者檢查對象時，仍可依規範再次進行LTBI檢驗。,潛伏結核感染
若接觸者曾為TB個案或曾經進行TST檢驗結果為陽性者，此次因再度曝觸結核病個案又被匡列為接觸者，可以再做IGRA檢驗嗎？,因目前的檢驗工具無法區分是否為新近感染，故無需重複執行LTBI檢驗。惟前次通報為排除診斷者，曾經TST/IGRA檢驗陰性或無檢驗結果，本次符合接觸者檢查對象，可進行IGRA檢驗。,潛伏結核感染
安養院/密集機構住民年齡多為65歲以上，且常見臥床（就醫不便）或合併慢性病等情形，衍生藥物交互作用或不易評估服藥之副作用等問題，是否建議此類對象進行IGRA檢驗及LTBI治療？,當這些住民經疫調而匡列為接觸者時，即依據結核病防治工作手冊給予接觸者衛教、LTBI檢驗及轉介治療評估，而是否轉介住民至醫院或由醫師至機構診治，端視機構及住民之類型而定，例如有些機構會安排醫師駐診，若該名醫師為LTBI治療合作醫師，則可由該醫師進行治療評估；若住民可自主活動，即可安排就醫進行治療評估。,潛伏結核感染
LTBI治療個案於每次就醫時，都可以申報「潛伏結核感染治療衛教諮詢」項目嗎？,只能在LTBI檢驗陽性者進行治療評估時，經合作醫師給予衛教諮詢，使接觸者接受LTBI治療，並於首次開立處方時，始可申報該項目。「潛伏結核感染治療衛教諮詢」每名個案於每家醫院365日內僅可申報一次。,潛伏結核感染
公衛端送驗IGRA血液檢體至合約實驗室，沒有過卡應如何申報？,"請依下列方式擇一辦理：
1.若送驗端（執行採血之衛生所/醫療院所）為LTBI治療指定醫院，由送驗單位進行申報，再將申報所得費用撥付予實驗室。
2.無醫療門診或非LTBI治療指定醫院之衛生所請將接觸者轉介至合作之LTBI治療指定醫院執行抽血及檢驗，由該LTBI治療指定醫院進行申報。
3.?少部分無醫療門診或非LTBI治療指定醫院之衛生所且轄區無LTBI治療指定醫院可協助執行抽血及檢驗者，則由公衛端執行抽血，並送地方政府衛生局合作之實驗室進行檢驗，公衛端不可申報健保，檢驗費用則由本署補助地方政府衛生局經費中支應。
",潛伏結核感染
未滿5歲接觸者，是否可使用IGRA進行診斷？ ,IGRA不會對BCG及大部分的NTM有反應，但對未滿5歲兒童是否適用，仍待蒐集更多證據。當臨床上遇到家長在小孩TST陽性反應而要求進行IGRA檢驗時，醫師自由判斷是否提供該項檢驗服務，建議醫師向家長說明該試劑目前判讀結果的限制，尚無法做為判斷標準。,潛伏結核感染
未滿5歲接觸者，如使用IGRA進行診斷，公費是否支應？,因目前國際間對於IGRA用於未滿5歲兒童之LTBI診斷，尚無完整研究資料，尚無法做為判斷標準，故目前政策只支應5歲以上之接觸者IGRA檢驗試劑。,潛伏結核感染
接觸者前次進行TST檢驗結果為陽性，但未接受LTBI治療，倘為勸其加入LTBI治療，是否可進行IGRA檢驗？公費是否支應？,倘高傳染性個案之接觸者曾進行TST檢驗結果為陽性，但因對TST檢驗結果存疑而拒絕接受LTBI治療，為加強勸服接觸者接受治療，可進行IGRA檢驗，公費可支應相關費用。,潛伏結核感染
若接觸者符合IGRA檢驗對象，但拒絕抽血，應如何處置？,倘若接觸者符合IGRA檢驗對象，但不願意配合進行抽血檢驗，可改以TST為診斷工具，但前提必須是該接觸者拒絕抽血，無法進行IGRA檢驗，非讓接觸者自行選擇LTBI檢驗方式。惟接觸者若改執行TST檢驗，需自費進行，公費不支應TST相關費用。,潛伏結核感染
關懷員年度例行TST檢驗是否可以改採IGRA？,關懷員亦可改採IGRA，但曾經LTBI檢驗陽性者（不論TST或IGRA）不再重複施予IGRA，針對陽性者，應分析其暴露情況、治療效益，以決定是否接受治療。,潛伏結核感染
除合約實驗室外，縣市可以選擇符合自己需求之實驗室進行檢驗嗎？,合約實驗室可提供IGRA檢驗服務，惟為提升接觸者就醫方便性，衛生局可規劃轉介接觸者至LTBI治療指定醫院，由其提供衛教、抽血、檢驗及治療評估服務，倘衛生局規劃由非本署合約或認可實驗室進行檢驗。所有提供IGRA檢驗服務之實驗室均應考量檢驗品質，並且須完成廠商辦理之IGRA檢驗教育訓練。,潛伏結核感染
送驗單如何勾選？,本署會將IGRA檢驗項目納入結核病代檢網檢驗送驗單，檢體種類請點選「血液」，送驗項目點選「IGRA」，送驗前已完成培養者請於註明欄填寫「已培養」，未培養者亦請於註明欄填寫「未培養」。,潛伏結核感染
當IGRA檢驗結果為不確定值時怎麼辦？,IGRA檢驗結果為「不確定」時可能有2種原因，一種可能是個案免疫低下造成，另一種則可能是人為操作程序錯誤造成。為利公衛端及醫療端轉介LTBI治療及診治參考，本署與實驗室溝通，將IGRA檢驗報告結果區分為4類：陽性、陰性、不確定及不確定（mitogen-nil<0.5），當接獲報告為「不確定」，建議重新採血檢驗；若報告為「不確定（mitogen-nil<0.5）」，表示個案可能免疫力不佳，鑑於此類接觸者為TB高風險族群，倘再抽血檢測，結果亦可能為不確定值，建議不再抽血檢驗，惟此類個案顯示免疫力不佳，又為明確接觸者，建議給予LTBI治療，但仍視臨床綜合性評估決定是否治療。,潛伏結核感染
公費購買的Rifapentine會放置在那些醫院，醫院分配的藥物如果快用完了要如何申請？,本署已分階段逐步增加供給醫院數，醫院請彙整需求量向所在地衛生局提出申請，再由衛生局彙整後向本署提出需求，進行配送。,潛伏結核感染
當LTBI治療個案臨時無法於約定日服藥，可以提前或延後嗎？,考慮「速克伏」短程治療處方藥物半衰期，及配合實務上都治計畫可能面臨爽約之情形，爽約後的第二天，儘快目視服藥，總之越快越好。依據美國CDC的建議，若欲提早或延後，兩個劑量間，間隔須大於72小時，並於下個劑量回到原來的每7天服藥週期，28天內不超過5個劑量來給予為原則。,潛伏結核感染
若個案使用「速克伏」短程治療處方，是否可以磨粉使用？需要注意什麼？,可以磨粉，但rifapentine會有膜衣存在，此為正常現象。另外，若要搭配其他食物，建議可與巧克力布丁等澱粉類食物一起服用，較易吸收，但不建議與果汁、果凍等酸性食物搭配服用。,潛伏結核感染
LTBI個案服用「速克伏」短程治療處方常見的副作用是什麼？,"依文獻指出，與藥物相關的肝炎發生比例，「速克伏」（3HP）明顯地較9H來得低（0.4% vs. 2.7%），而造成永久停藥分別為0.3-0.9%和2-4.3%1。國內資料亦顯示，與藥物相關的肝炎發生比例，3HP較低於9H（1.5% vs. 5.3%），且成人使用3HP會因藥物造成的肝炎而永久停藥之情形較低於9H2，3。因此治療期間的肝炎副作用監測，原則依照結核病診治指引進行（請見附件二、潛伏結核感染治療之肝功能監測流程）。
非肝炎而導致永久停藥之副作用中，約3.5%的病人有全身性藥物反應，其中63%為類似流感之症狀（flu-like syndrome），例如：頭暈、頭痛、噁心或嘔吐、肌肉痠痛、無力、疲倦、發燒、盜汗、呼吸急促、臉紅及寒顫等；這種情況在9H處方的發生率則相當低（0.4%有全身性藥物反應，其中13%為flu-like syndrome）1，上述的不舒服若經過症狀治療與再確認，造成3HP和9H永久停藥分別為3.5%和0.4%。此類全身性藥物反應副作用，多在短時間內可緩解，不影響服藥，較嚴重的全身性反應絕大多數發生在第三到第四個劑量。國內資料則顯示3，9.5%使用者會因不良反應永久停藥，其中以發燒(37%)、皮膚癢疹(23%)、頭暈(22%)及嘔吐(20%)為最常見，佔整體服藥民眾的比率分別為3.5%，2.2%，2.1%及1.9%。
此外，「速克伏」亦可能有過敏反應的發生（例如：低血壓、蕁麻疹、血管神經性水腫、急性支氣管痙攣、結膜炎、血小板減少、中性球減少），發生率<1%，如果發生過敏反應，建議停藥並視臨床需要給予支持療法1。而國內監測資料顯示3，過敏反應導致永久停藥的機率約為1.3?，初期症狀可能是類流感或疲勞不適，症狀的發作時間一次比一次快速(可能一吃藥半小時內就發作)，造成永久停藥之不良反應可能在第三次至第十次服藥後發生，以冒冷汗、喘及胸悶或腹痛為常見之臨床表現，患者至急診或住院時有血壓偏低、心跳快的情形，部分病患會抱怨似乎要昏過去的感覺，經給予輸液支持後症狀可獲得緩解，緩解時間從6-48小時不等。此類病患停藥後，未留下長期後遺症亦無死亡情形，與國外經驗相仿。

參考文獻
1.??? Clin Infect Dis. 2015; 61(4):527-35 
2.??? Tuberculosis (Edinb). 2018 Jul;111:121-126.
3.??? 速克伏全都治：副作用、介入成效及抗藥性產生評估。MOHW106-CDC-C-315-113122. 
<a target=""_blank"" href=""https://www.cdc.gov.tw/File/Get/cCFCc4Xz1wfB862BeIIuDg"">https://www.cdc.gov.tw/File/Get/cCFCc4Xz1wfB862BeIIuDg</a>",潛伏結核感染
使用「速克伏」短程治療處方者，倘有副作用，應如何處置？,"1.個案端：由醫師評估處理，亦可來電1922洽詢。
2.公衛端：都治關懷員應落實都治關懷服藥，並於系統詳實維護都治紀錄，當觀察到個案有嚴重副作用時，請立即協助個案返診。
",潛伏結核感染
服用「速克伏」短程治療處方如有嚴重副作用，可以申請藥害救濟嗎？,Rifapentine已取得我國藥證，符合申請藥害救濟的範圍。如出現嚴重副作用，請依一般藥害救濟申請程序辦理。,潛伏結核感染
使用「速克伏」短程治療處方治療過程中需要做哪些監測？停藥標準是什麼？,"治療潛伏結核感染時，仍須留意肝炎的副作用。「速克伏」短程治療處方（3HP）較9H更少發生藥物性肝炎，因此治療期間的肝炎副作用監測，原則上比照9H處方現行診治指引之建議，評估個案是否有潛在性肝病或其他特殊可能引起肝炎的狀況，以及年齡≧35歲，建議常規進行治療前的檢驗，詳情請見附件二、潛伏結核感染治療之肝功能監測流程。
與9H不同的地方是，在肝病或者有其他醫療的考慮（貧血或血小板相關的疾病）時，需要抽驗CBC/DC的基礎值，再決定追蹤的頻率。治療期間需要每月回診。
至於停藥的標準，肝炎的原則如9H。其餘非過敏反應的副作用，視臨床需要給予支持療法，停藥與否視個別病人是否能接受，及臨床嚴重度而決定。
<a target=""_blank"" href=""https://www.cdc.gov.tw/File/Get/cCFCc4Xz1wfB862BeIIuDg"">https://www.cdc.gov.tw/File/Get/cCFCc4Xz1wfB862BeIIuDg</a>",潛伏結核感染
使用「速克伏」短程治療處方者，因第1個dose在醫院服藥，後續即便11次皆親眼目睹卻未達DOPT親自關懷率A級，非公衛端之責任，是否可調整A級標準？,使用短程治療處方，其12個dose皆須以傳統都治方式親眼目睹為原則，惟考量實際情形，已調整都治親自關懷率為「療程中達80%以上為A級」。,潛伏結核感染
接觸者經LTBI合作醫師評估後願意接受LTBI治療，且使用「速克伏」短程治療處方，但後續公衛端與其聯繫卻拒絕加入都治，該怎麼辦？,"針對加入LTBI治療且使用「速克伏」短程治療處方之個案，均須接受都治關懷(可以視訊都治方式)服藥。第一次訪視請公衛護士告知此處方藥物為本署公費提供，須配合都治送藥始可使用。倘個案拒絕納都或拒將藥物交付予關懷員，請公衛護士聯絡醫院個管師/醫師於病歷註記，並且不再提供後續劑量，改用9H治療處方。
LTBI檢驗及治療政策對象擴大，系統有沒有功能可協助基層人員執行實務工作？
本署持續透過資訊系統自動化方式協助基層人員執行實務工作及減輕負擔：
1.?TB接觸者就醫轉介單：
     (1)系統已有線上列印轉介單功能，避免人工抄寫之不便及錯誤。此外，正在開發程式，未來讓基層人員可利用行動裝置建立接觸者相關資訊，減少家訪後忘記建檔接觸者之情況。
     (2)目前正在建置電子化接觸者轉介流程，未來當接觸者就醫進行檢查時，醫療端可直接於診間線上查詢接觸者相關資訊，並回覆接觸者檢查結果，減少紙本作業之行政負擔及資訊闕失之風險，提升轉介接觸者檢查之效率。
2.IGRA檢驗結果回覆：
與合約及認證實驗室溝通，將法傳系統結核病代檢網檢驗報告單之「IGRA檢驗欄位」透過自動介接方式，將檢驗結果除自動傳真與送驗單位外，另自動帶入中央追管系統。
3.LTBI治療自動警示功能：
結核病追蹤管理子系統-Monitor: Alert已建立「已接受 LTBI 治療 ( 3HP、4R或9H )，衛生機關尚未完成收案」清單，協助基層人員即時掌握新加入LTBI治療個案，順利銜接公衛管理。
",潛伏結核感染
愛滋病母子垂直感染,愛滋病毒母子垂直感染指的是說嬰兒會由已感染病毒的母親在妊娠期、生產期、或因授乳而得到愛滋病毒。,愛滋
愛滋病用藥,高效能抗愛滋病毒治療(俗稱雞尾酒療法)是組合性之抗愛滋病毒藥物，一般以兩種核酸反轉錄?抑制劑(NRTI)為治療骨幹，再從非核酸反轉錄?抑制劑(NNRTI)、蛋白?抑制劑(PI)、嵌入?抑制劑(II)或其他具新抗病毒機轉的藥物，搭配治療骨幹，以構成抗愛滋病毒藥物組合。,愛滋
卡介苗,卡介苗是用牛型結核菌，經人工繼代培養的活性減毒疫苗。接種卡介苗可避免幼童發生嚴重結核病，研究顯示，未接種卡介苗的幼童罹患結核性腦膜炎的發生率約為百萬分之152.5，是有接種者的47倍，此類疾病若未及早診治會造成腦脊髓等不可逆病變(無法自理生活、智商受損等)，並伴隨約20%~40%致死率。,愛滋
抗藥結核病,要是結核病患者不規則服藥，體內的細菌習慣這些藥物之後，就會產生抗藥性，這時一般使用的抗結核藥物就會無效。其他人萬一被這種病人傳染到，一發病就會是抗藥性結核病,愛滋
罹患愛滋病要注意什麼?,目前的藥物治療可以改善存活率，但我們仍無法治癒愛滋病毒感染。感染愛滋病毒請遵循醫囑按時服藥，不得任意停藥，必須採行安全性行為及不與別人共用針具,愛滋
嬰幼兒要如何預防小兒麻痺症？,預防小兒麻痺症最有效的方法就是按時接種小兒麻痺疫苗。</br>,小兒麻痺
MMR出國,簡單來說MMR疫苗是用?預防麻疹、腮腺炎、德國麻疹的活性減毒疫苗，接種完2劑MMR疫苗，其對麻疹的預防效果平可達97％以上，並可獲長期免疫！</br>,麻疹
外勞,"1.外籍勞工申請入國簽證應檢具3個月內母國認可醫院核發之合格健康檢查證明。
2.母國之認可醫院名單，公布於疾病管制署<a target=""_blank"" href=""http://www.cdc.gov.tw"" >http://www.cdc.gov.tw</a> 國際旅遊與健康 > 外國人健康管理 > 外國人健檢指定與認可醫院名單 > 國外之認可醫院名單。
3.外籍勞工來臺前健康檢查項目：
  (1)胸部X光肺結核檢查
  (2)梅毒血清檢查
  (3)腸內寄生蟲糞便檢查
  (4)漢生病檢查
  (5)麻疹及德國麻疹之抗體陽性檢驗報告或預防接種證明",外勞
外籍人士,"1.外籍勞工申請入國簽證應檢具3個月內母國認可醫院核發之合格健康檢查證明。
2.母國之認可醫院名單，公布於疾病管制署<a target=""_blank"" href=""http://www.cdc.gov.tw"" >http://www.cdc.gov.tw</a> 國際旅遊與健康 > 外國人健康管理 > 外國人健檢指定與認可醫院名單 > 國外之認可醫院名單。
3.外籍勞工來臺前健康檢查項目：
  (1)胸部X光肺結核檢查
  (2)梅毒血清檢查
  (3)腸內寄生蟲糞便檢查
  (4)漢生病檢查
  (5)麻疹及德國麻疹之抗體陽性檢驗報告或預防接種證明",外籍人士
外勞健檢,"1.外籍勞工申請入國簽證應檢具3個月內母國認可醫院核發之合格健康檢查證明。
2.母國之認可醫院名單，公布於疾病管制署<a target=""_blank"" href=""http://www.cdc.gov.tw"" >http://www.cdc.gov.tw</a> 國際旅遊與健康 > 外國人健康管理 > 外國人健檢指定與認可醫院名單 > 國外之認可醫院名單。
3.外籍勞工來臺前健康檢查項目：
  (1)胸部X光肺結核檢查
  (2)梅毒血清檢查
  (3)腸內寄生蟲糞便檢查
  (4)漢生病檢查
  (5)麻疹及德國麻疹之抗體陽性檢驗報告或預防接種證明",外勞
外籍人士健檢,"1.外籍勞工申請入國簽證應檢具3個月內母國認可醫院核發之合格健康檢查證明。
2.母國之認可醫院名單，公布於疾病管制署<a target=""_blank"" href=""http://www.cdc.gov.tw"" >http://www.cdc.gov.tw</a> 國際旅遊與健康 > 外國人健康管理 > 外國人健檢指定與認可醫院名單 > 國外之認可醫院名單。
3.外籍勞工來臺前健康檢查項目：
  (1)胸部X光肺結核檢查
  (2)梅毒血清檢查
  (3)腸內寄生蟲糞便檢查
  (4)漢生病檢查
  (5)麻疹及德國麻疹之抗體陽性檢驗報告或預防接種證明",外籍人士
國際疫情,"關於國際疫情與旅遊建議可以參考以下網址喔<a target=""_blank"" href=""https://www.cdc.gov.tw/Category/List/7XRS9-rOLh8NhijuoCCegA"">https://www.cdc.gov.tw/Category/List/7XRS9-rOLh8NhijuoCCegA</a>",國際疫情
國內疫情,"關於國際疫情與旅遊建議可以參考以下網址喔<a target=""_blank"" href=""https://www.cdc.gov.tw/Category/List/ZrvS2zJwZ03tl8CbKYdI8g</a>",國內疫情
最近蒙古有鼠疫疫情，是真的嗎,"建議您可以參考鼠疫最新消息及疫情訊息網頁<a target=""_blank"" href=""https://www.cdc.gov.tw/Category/List/o7kuZiDuSb1wiqfCmrrrxw"">https://www.cdc.gov.tw/Category/List/o7kuZiDuSb1wiqfCmrrrxw</a>",鼠疫
有登革熱疫苗嗎？,"「2015年12月全球首支登革熱疫苗問世，為法國Sanofi Pasteur藥廠所生產的Dengvaxia?，屬四價活性減毒疫苗，適用年齡為9至45歲的兒童及成人
目前已陸續在墨西哥、菲律賓、巴西及薩爾瓦多等國家核准上市，尚未在臺灣核准上市。",登革熱
孕婦有需要打MMR疫苗嗎？,"建議您可以參考預防接種建議之育齡婦女(15-49歲) 網頁<a target=""_blank"" href=""https://www.cdc.gov.tw/Category/List/RBTBlga106hJcWufEh4YFQ"">https://www.cdc.gov.tw/Category/List/RBTBlga106hJcWufEh4YFQ</a>",MMR
留學生體檢,"建議您可以參考特殊族群注意事項網頁<a target=""_blank"" href=""https://www.cdc.gov.tw/Category/MPage/bBUjCaZLTv9gZACYTTQAog"">https://www.cdc.gov.tw/Category/MPage/bBUjCaZLTv9gZACYTTQAog</a>",留學生
