 什麼是登革熱？,<br/>登革熱俗稱「天狗熱」或「斷骨熱」，是一種藉由病媒蚊叮咬而感染的急性傳染病，臨床症狀主要為發燒、頭痛、後眼窩痛、肌肉關節痛、出疹等症狀；登革熱依抗原性可分為Ⅰ、Ⅱ、Ⅲ、Ⅳ型等四種型別。<br/><br/><br/><br/><br/><br/>最後更新日期2019/1/7<br/><br/>,O
登革熱的潛伏期有多久？,<br/>潛伏期為3-14天，通常為4-7天。<br/><br/><br/><br/><br/><br/>最後更新日期2019/12/20<br/><br/>,O
登革熱的感染方式為何？,<br/>登革熱的感染方式主要是藉由病媒蚊叮咬人時將登革病毒傳入人體內。另外，母親懷孕時感染登革熱，登革病毒可能於孕程中或生產時垂直傳染給胎兒，造成胎兒早產、低出生體重和死亡。另登革病毒亦有可能透過受感染的血液（如輸血、器官移植、針扎等）或性行為傳播，但上述這些途徑造成傳播情形均極為罕見。<br/><br/><br/><br/><br/><br/>最後更新日期2019/12/20<br/><br/>,O
登革熱的傳染途徑？,<br/>登革熱病患於發病前一天至發病後第五天，血液中存在有登革病毒(此時期稱為病毒血症期)，此時若被斑蚊叮咬，斑蚊因此感染病毒，而病毒在蚊蟲體內增殖8-12天後，病毒就會至病媒蚊的唾液腺，這隻斑蚊即具有傳染力，當它再叮咬其他健康人時，就將病毒傳出，這隻斑蚊終生均具有傳播病毒的能力。另外，母親懷孕時感染登革熱，登革病毒可能於孕程中或生產時垂直傳染給胎兒，造成胎兒早產、低出生體重和死亡。另登革病毒亦有可能透過受感染的血液（如輸血、器官移植、針扎等）或性行為傳播，但上述這些途徑造成傳播情形均極為罕見。<br/><br/><br/><br/><br/><br/>最後更新日期2019/12/20<br/><br/>,O
斑蚊之生活史為何？,<br/>斑蚊生活史包括卵、幼蟲（孑孓）、蛹、成蚊四階段，而其發育所需的時間常因溫度、食物的狀況而有不同。一般而言，平均卵期1-3天，幼蟲期4-7天，蛹期1-4天，所以斑蚊從卵、幼蟲至蛹約需6-14天，雌蚊約可存活15-30天，雄蚊約7-14天。<br/><br/><br/><br/><br/><br/>最後更新日期2019/1/7<br/><br/>,O
登革病毒有哪些宿主？,<br/>目前已知登革病毒的自然宿主有人類、靈長類、與斑蚊等三種。靈長類包括黑猩猩、長臂猿等，其病毒血症期比人類短，約為1-2天。人類是唯一會有臨床症狀的宿主。<br/><br/><br/><br/><br/><br/>最後更新日期2019/1/7<br/><br/>,O
登革熱病毒是否會經斑蚊親代傳播給子代？,<br/>世界上登革熱流行國家，有經常流行國家與非經常流行國家之區分，經常流行地區如新加坡等，曾經由野外採集之病媒蚊如埃及斑蚊或白線斑蚊之雌蚊及雄蚊身上檢測出登革病毒，其比率約為4-5%，由於雄蚊無吸血習性，因此來自親代之可能性高，被稱作經卵傳播(transovarialtransmission)。我國之登革熱疫情經多年研究，病毒之來源多因外出旅遊感染之民眾所引進，除流行期外甚少看到散發之零星病例，且2006年疾病管制署已從野外採22,O
"	什麼是屈公病？和登革熱有甚麼不同？ ",,X
臺灣傳播登革熱的病媒蚊有哪些種類？,<br/>臺灣地區傳播登革熱的病媒蚊為斑蚊屬，特徵是身體黑色，腳上有白斑，主要是埃及斑蚊和白線斑蚊兩種。其中埃及斑蚊成蚊胸部兩側具有一對似七弦琴之縱線及中間一對黃色縱線，喜歡棲息於室內；白線斑蚊中胸楯板有一條白色中央縱紋，大多棲息於室外。<br/><br/><br/><br/><br/><br/>最後更新日期2019/1/7<br/><br/>,O
登革熱病媒蚊分布於臺灣哪些地區？ 氣候暖化效應有造成埃及斑蚊北移嗎？,"<br/><br/>	埃及斑蚊分布於嘉義布袋以南各縣市，包括臺南市、高雄市、屏東縣、臺東縣（臺東市）、澎湖縣（馬公市）等；而白線斑蚊則分布於臺灣全島平地及1500公尺以下之山區。<br/>	氣候暖化效應有可能造成病媒蚊生態的改變，但依照疾病管制署近幾年登革熱病媒蚊監測資料，埃及斑蚊分布區域仍沒有改變。<br/><br/><br/><br/><br/><br/><br/>最後更新日期2019/1/29<br/><br/>",O
埃及斑蚊與白線斑蚊習性有什麼不同，如何區分？,"<br/><br/>	埃及斑蚊喜歡棲息在室內，多棲息在陰暗、潮濕、不通風的角落；例如在家中的廚房，在臥室則多停留於牆角、窗簾及懸掛之深色衣服上。<br/>	白線斑蚊的棲息場所主要為室外，活動場所多在離孳生源不遠且陰涼不通風的場所，例如盆栽、堆放雜物或輪胎處，以及孳生源附近的樹林草叢、竹林與空屋等處所。<br/><br/><br/><br/><br/><br/><br/>最後更新日期2019/1/29<br/><br/>",O
登革熱病媒蚊雌蚊、雄蚊都會吸血嗎？何時吸血？,<br/>傳染登革熱之病媒蚊為斑蚊雌蚊，主要在白天活動及吸血，雄蚊因口器退化，不能吸血，多吸食植物汁液。埃及斑蚊喜在室內棲息，主要吸人血，吸血高峰在下午4-5點，次高峰在上午9-10點。而白線斑蚊喜在室外棲息，一天內可見晨昏二個吸血高峰，約在當地日出前後1-2小時和日落前2-3小時，且下午高峰較上午高。<br/><br/><br/><br/><br/><br/>最後更新日期2019/1/7<br/><br/>,O
如何預防蚊蟲叮咬？,<br/>清除積水容器（孳生源）並定期巡查居家環境、維持整潔，是防止病媒蚊孳生的不二法門，也是目前防治登革熱最根本的方法。此外，可穿著淺色長袖衣褲、身體裸露部位塗抹政府主管機關核可的防蚊藥劑（蚊蟲忌避劑），避免蚊蟲叮咬。目前政府主管機關核可的防蚊藥劑，依照所含安全有效化學成分的不同，分為三類，一類是含有diethyltoluamide/DEET（待乙妥/敵避）的防蚊藥劑，一類含有picaridin（派卡瑞丁），另一類含有IR3535（伊默克），這三類防蚊藥劑皆可有效達到防蚊效果。建議成人可選用DEET濃度≦50%的防蚊藥劑，而年齡兩個月以上的孩童，只建議使用DEET濃度為10%至30%的防蚊藥劑，且回到戶內後要清洗乾淨。另外，年齡兩個月以下的嬰兒，含有DEET、picaridin或IR3535成份之防蚊藥劑並不適用，建議使用外在遮蔽的方式（例如淺色長袖衣褲及蚊帳）防止蚊蟲叮咬。另外，含picaridin（派卡瑞丁）及IR3535（伊默克）的防蚊藥劑，依目前的產品許可證，僅適用於2歲以上孩童。不論使用哪一類防蚊藥劑，使用前均請閱讀使用說明書上的說明及注意事項。<br/><br/><br/><br/><br/><br/>最後更新日期2021/2/9<br/><br/>,O
防蚊液該怎麼選購？,<br/>目前衛生福利部核准含有DEET之防蚊藥劑，產品上印有「衛部（署）藥製字」或「衛部（內衛）成製字」等許可證字號，可直接塗抹噴灑於人體皮膚；而行政院環境保護署（以下簡稱環保署）核准之防蚊藥劑，產品上印有「環署衛製字」或「環署衛輸字」等許可證字號，由於環保署核可的防蚊藥劑，有些僅核准於環境使用，因此須留意說明書上的說明及注意事項，是否加註說明「得使用於人體裸露之皮膚」或「本產品不可噴灑於皮膚或衣物上」。<br/><br/>上述政府主管機關核可的防蚊藥劑，依照所含安全有效化學成分的不同，分為三類，一類是含有diethyltoluamide/DEET（待乙妥/敵避）的防蚊藥劑，一類含有picaridin（派卡瑞丁），另一類含有IR3535（伊默克），這三類防蚊藥劑皆可有效達到防蚊效果，其中環保署核准含有DEET的「環境衛生用藥」，可噴灑於居家環境如紗窗、紗門上，或於戶外登山、露營時，噴灑於帳篷，避免蚊蟲跟隨進入，達到防蚊效果，但應避免噴灑於皮膚、衣物上。另外，環保署核可含picaridin（派卡瑞丁）及IR3535（伊默克）的防蚊藥劑，可直接塗抹噴灑於人體皮膚。<br/><br/><br/><br/><br/><br/>最後更新日期2021/2/9<br/><br/>,O
如何正確使用防蚊藥品？,<br/>如果在戶外或蚊蟲多的地方，除穿淺色長袖衣褲外，亦可使用防蚊藥品，並建議噴灑或塗抹在皮膚裸露處，才能在皮膚表面形成保護膜以預防蚊蟲叮咬。另外，防蚊藥品中DEET、picaridin或IR3535的濃度與藥效並無直接關係，而是與藥效持續時間有關，一般來說，較高濃度能提供較持久的防蚊保護。流汗較多或發現蚊子開始在身邊盤旋聚集時，則建議應要補擦了。<br/><br/><br/><br/><br/><br/>最後更新日期2021/2/9<br/><br/>,O
什麼情況下最有可能感染登革熱？,<br/>全球登革熱發生的地區，主要在熱帶及亞熱帶有埃及斑蚊及白線斑蚊分布的國家，特別是埃及斑蚊較多之地區，包括亞洲、中南美洲、非洲及澳洲北部，以及部分太平洋地區島嶼。因此，如果出國前往前述地區旅遊、探親及經商時，均有可能感染登革熱。所以，返國後若有發燒、關節骨頭痛、後眼窩痛及出疹等登革熱疑似症狀時，均應儘速就醫，並主動交待旅遊史，提供醫師診治參考。此外，如果台灣地區某一縣市發生登革熱流行，前往該地區，在未做好個人防護之情況下，也有可能感染登革熱。<br/><br/><br/><br/><br/><br/>最後更新日期2019/1/7<br/><br/>,O
我家住十樓，為什麼還有蚊子？蚊子究竟可飛多高呢？,<br/>蚊子也會搭電梯呀（電梯門開啟時進入）！蚊子雖然由地面垂直起飛直達十樓機率不大，但藉由氣流、工具的運送，還是可能登高的。所以請特別留意住家樓下、地下室或停車場是否佈滿了蚊子的孳生源（積水容器）喔！<br/><br/><br/><br/><br/><br/>最後更新日期2019/1/7<br/><br/>,O
什麼是病媒蚊孳生源？,<br/>病媒蚊孳生源是病媒蚊幼蟲及蛹所生長的環境，以登革熱病媒蚊而言，其孳生源是指「所有積水容器」。<br/><br/><br/><br/><br/><br/>最後更新日期2019/1/29<br/><br/>,O
登革熱病媒蚊的幼蟲孳生在哪裡？,<br/>登革熱病媒蚊的幼蟲（孑孓）孳生於人工容器及天然容器內。人工容器在室內包括種萬年青或黃金葛之花瓶、花盆底盤、冰箱底盤及地下室積水，而室外則包括水桶、陶甕、水泥槽等儲水工具，廢棄物包括飲料罐、紙杯、紙碗、塑膠袋等小型廢棄物，塑膠水桶、臉盆、洗澡盆、鍋、碗、瓢、盆、輪胎等中型廢棄物，不用之浴缸、馬桶、電冰箱、洗衣機、各式各樣傢俱等大型廢棄物；天然容器則包括樹洞、竹筒、葉軸等。<br/><br/><br/><br/><br/><br/>最後更新日期2019/1/29<br/><br/>,O
為何需要大家動手清除孳生源？,<br/>清除所有積水容器是預防登革熱最有效的辦法，而這項工作不能單靠政府，必須大家一起參與，才能短時間內達成目的。<br/><br/><br/><br/><br/><br/>最後更新日期2019/1/7<br/><br/>,O
噴灑殺蟲劑是否能有效消滅登革熱病媒蚊？,"<br/><br/>	疫情發生時為迅速消滅環境中帶病毒的成蚊，才採行噴藥滅蚊措施，以減少登革病毒擴散的機會。<br/>	緊急噴藥措施無法消滅積水容器中的孑孓，且會造成抗藥性蟲株產生及環境污染，是疫情發生時不得已的措施，緊急噴藥必需配合全面孳生源清除，才會有實際的效果。<br/><br/><br/><br/><br/><br/><br/>最後更新日期2019/1/29<br/><br/>",O
如何一勞永逸清除孳生源？,"<br/>改變個人行為，妥善管理容器並避免棄置各種積水容器，才能一勞永逸的將孳生源清除，處理流程如下：<br/><br/>一、種水生植物的容器：一般常見的水生植物包括黃金葛、萬年青、水芙蓉等。<br/><br/><br/>	將小石頭或彩色的膠質物放入容器，水面不可超過石頭或膠質物表面。<br/>	將食蚊魚放入種水生植物的容器內。常見的食蚊魚包括孔雀魚、大肚魚、台灣鬥魚等。<br/><br/><br/>二、貯水的容器：常見貯水容器包括澆花、洗滌、飲用的水桶、陶甕、水泥槽等。<br/><br/><br/>	不用時倒置。<br/>	使用時，加蓋密封。<br/>	若因特殊需要，無法密封，可養上述食蚊魚，並放置水芙蓉。<br/><br/><br/>三、廢棄容器：不要隨意堆積或亂丟廢棄容器於戶外，常見廢棄容器包括飲料罐、便當盒、臉盆、水族箱、浴缸等。<br/><br/>四、人為建築：於建築時，避免留下積水的可能，例如庭院造景時，於流水的四周勿留積水的水窟；仿竹子時，勿留竹洞。<br/><br/>五、天然容器：包括樹洞、竹筒等。樹洞可以填土並種植植物，避免形成積水之環境。竹筒可在竹節處砍斷，勿留竹筒積水。<br/><br/><br/><br/><br/><br/>最後更新日期2019/1/29<br/><br/>",O
社區發生登革熱流行時民眾該怎麼辦？,"<br/><br/>	清除居家環境中各種積水容器，不使病媒蚊孳生。<br/>	白天外出活動時避免被登革熱病媒蚊叮咬，可穿著長袖長褲，裸露處噴防蚊液。<br/>	家中裝設紗門紗窗。<br/>	配合政府做好防疫措施。<br/><br/><br/><br/><br/><br/><br/>最後更新日期2019/1/29<br/><br/>",O
社區內發生登革熱流行，一般民眾應如何預防登革熱疫情擴散？,"<br/>病例發生之地區，住戶應配合衛生局所，進行下列登革熱防治工作。<br/><br/><br/>	接受訪視、提供正確及詳實資訊，有疑似症狀者應接受抽血檢驗。<br/>	經綜合評估後如有必要，患者住家及工作地方圓半徑50公尺範圍內的住戶，將實施成蟲化學防治措施，以殺死可能帶病毒的成蚊，防止疫情擴散。<br/>	配合進行病媒蚊孳生源查核及清除，主要是清除居家內外之積水容器，使斑蚊無繁殖場所及機會，才能避免被傳染。<br/><br/><br/><br/><br/><br/><br/>最後更新日期2019/1/29<br/><br/>",O
衛生單位執行成蟲化學防治作業（噴藥）時，民眾必須配合的事項有那些？,"<br/><br/>	噴藥的目的在於儘快降低帶病毒病媒蚊的密度，防止疾病傳播，若您住家附近經縣市政府衛生單位評估有實施噴藥之必要，原則上在劃定區塊內必須逐戶完成噴藥，且戶內外都要澈底落實，才能發揮效果，有效遏止疾病蔓延。<br/>	地方政府衛生單位會在噴藥前事先通知劃定噴藥範圍內的住戶，如住戶當時不在，則發放或張貼噴藥通知單，詳細說明注意事項，請民眾將餐具、食物及衣服等物品收妥，家具適當覆蓋，關閉火源及電源等，執行噴藥當天並由領隊人員協助與民眾溝通。<br/>	登革熱戶內噴藥所使用之殺蟲劑，係仿照天然除蟲菊精分子構造，以人工合成之合成除蟲菊精類殺蟲劑，對蚊蟲具擊昏、致死效果，對人畜毒性低。噴藥完成後，建議等待30分鐘後再戴口罩進入戶內，打開門窗澈底通風後，即可恢復正常作息，如須清理戶內環境，使用一般家用清潔劑即可達成清潔之目的。<br/>	個別住戶如因特別因素而有實施之困難，可依通知單上的聯絡方式告知執行單位，共同研商適合之處理方式。<br/><br/><br/><br/><br/><br/><br/>最後更新日期2019/1/29<br/><br/>",O
衛生局通知，因登革熱疫情需至家中辦理防疫工作（如孳生源清除、查核或噴藥），可以不配合嗎？不配合會怎樣？,"<br/><br/>	衛生局接到疑似病例通報，對於病例居住地、工作地，其他可能感染地點及在病毒血症期間停留達2小時以上之地點，將於48小時內至前述地點進行相關防治工作（如孳生源清除與查核工作等），以迅速撲滅病媒蚊，避免疫情擴大或再出現其他登革熱病例。<br/>	如您拒絕配合衛生局孳生源清除、查核，依傳染病防治法第70條，可處新台幣3千元以上1萬5千元以下罰鍰。如衛生局通知將強制進入您的住家實施防疫工作，您如果不在，衛生局（所）可依傳染病防治法第38條，會同相關人員強制開鎖進入您的住家實施防疫工作，若當場查獲病媒蚊孳生源者，依傳染病防治法第70條，可處新台幣3千元以上1萬5千元以下罰鍰。<br/>	如您於衛生局強制實施防疫工作時到場，拒絕配合（拒絕、規避或妨礙）防疫工作，依傳染病防治法第67條，處新臺幣6萬元以上30萬元以下罰鍰。為您的家人及大眾之健康，敬請務必配合衛生單位執行相關防疫工作。<br/><br/><br/><br/><br/><br/><br/>最後更新日期2019/1/29<br/><br/>",O
如果接獲衛生局通知，因應登革熱疫情需至家中配合政府防疫工作（孳生源清除、查核或噴藥），但在實施防疫工作當時正好要上班或外出怎麼辦？,"<br/><br/>	依據104年6月17日修正公布之傳染病防治法第三十八條第二項，「前項經通知且親自到場之人員，其所屬機關（構）、學校、團體、公司、廠場，應依主管機關之指示給予公假」，如經執行本次防疫工作之主管機關通知，且親自到場配合防疫工作，並確實有向工作單位請假需求之民眾，其所屬工作單位應依主管機關指示給予公假。建議您於接獲通知後，立即跟公司或服務單位申請公假，或更改、延遲外出辦事之時間，撥空配合衛生局實施防疫工作。<br/>	如果於通知實施防疫工作之時間內，因特殊因素而無法配合，可事先依通知單上的聯絡方式與負責單位溝通。<br/><br/><br/><br/><br/><br/><br/>最後更新日期2019/1/29<br/><br/>",O
民眾主動通報登革熱有何好處？,<br/>由於早期通報，相關單位可即時採取防治措施，以避免疫情擴大，更可防止家人或鄰居被感染。<br/><br/><br/><br/><br/><br/>最後更新日期2019/1/7<br/><br/>,O
登革熱通報獎金核發規定？,<br/>依據「傳染病防治獎勵辦法」第5條規定，醫事人員發現傳染病（源），主動通報（知）並經主管機關證實者，全縣（市）地區當年度流行季本土病例之首例，發給通報獎金新臺幣四千元，登革熱境外移入病例每例新臺幣二千五百元。<br/><br/><br/><br/><br/><br/>最後更新日期2019/1/7<br/><br/>,O
請問感染登革熱是否需要住院隔離？,<br/>感染登革熱是否需要住院，將由醫師專業評估，若醫師認為有住院治療需要，在病毒血症期（可傳染期）之患者，只需做好防蚊隔離，例如：使用蚊帳或防蚊藥劑，並不需要強制隔離。<br/><br/>此外，經地方政府衛生局基於公衛防疫需求評估後，認為有住院防蚊隔離必要者，亦請配合衛生局之防治作為辦理。<br/><br/><br/><br/><br/><br/>最後更新日期2019/1/29<br/><br/>,O
什麼是登革熱NS1抗原快速診斷試劑？,,X
目前市售的登革熱NS1抗原快速診斷試劑有幾種？,"<br/>目前在臺灣經衛生福利部食品藥物管理署核准的品項，包括登革熱NS1抗原測試條和抗原抗體測試片，如下列。<br/><br/>資料來源：衛生福利部食品藥物管理署─西藥、醫療器材、含藥化粧品許可證查詢網站（查詢條件為中文品名：登革熱、註銷狀態：未註銷）<br/><br/><br/>	伯瑞登革熱非結構性蛋白1抗原測試條（Bio-RadDENGUENS1AgSTRIP）<br/>	許可證字號：衛署醫器輸字第020363號<br/>	有效日期：113/08/14<br/>	速帝百而靈登革熱NS1抗原測試片（SDBIOLINEDengueNS1Ag）<br/>	許可證字號：衛署醫器輸字第024084號<br/>	有效日期：111/09/27<br/>	速帝百而靈登革熱雙效登革熱NS1抗原抗體快速測試片（SDBIOLINEDengueDuoDengueNS1Ag+AbCombo）<br/>	許可證字號：衛署醫器輸字第024085號<br/>	有效日期：111/09/28<br/>	亞洲基因登革熱NS1抗原快速檢驗試劑（AsiaGenDengueNS1AntigenRapidTestKit）<br/>	許可證字號：衛部醫器製字第005613號<br/>	有效日期：111/05/01<br/>	“安倍”多標的登革熱病毒抗原抗體快速篩檢套組（“MPDiagnostics”MULTISUREDengueAb/AgRapidTest）<br/>	許可證字號：衛部醫器輸字第029574號<br/>	有效日期：111/06/07<br/><br/><br/><br/><br/><br/><br/>最後更新日期2019/12/20<br/><br/>",O
登革熱NS1抗原快速診斷試劑的準確性如何？,,X
登革熱NS1抗原快速診斷試劑什麼時候用最適合？,<br/>根據病人的流行病學資料及臨床症狀，如懷疑感染登革熱時，可使用「登革熱NS1抗原快速診斷試劑」輔助診斷。依據WHO2009年「登革熱診斷治療與預防控制指引」資料，個案發病後第一至五天內所採集之檢體，NS1抗原檢驗敏感度較高。發病超過五天後，可使用抗原抗體測試片檢測登革熱的抗體。<br/><br/><br/><br/><br/><br/>最後更新日期2018/12/22<br/><br/>,O
一定要使用登革熱NS1抗原快速診斷試劑才能診斷登革熱嗎？,<br/>快速診斷試劑只是診斷登革熱的檢驗工具之一，如果懷疑感染登革熱，醫師還是可以幫您抽血送至疾病管制署檢驗，未必一定要用快速診斷試劑。<br/><br/><br/><br/><br/><br/>最後更新日期2018/12/22<br/><br/>,O
如果我的門診病患使用登革熱NS1抗原快速診斷試劑，檢驗結果要如何通知疾病管制署?,<br/>醫療院所只要是使用具有衛生福利部醫療器材許可證的快速診斷試劑，對登革熱疑似病患進行檢驗，不論檢驗結果為陽性或陰性，都請到疾病管制署「傳染病個案通報系統」通報頁面的附加資訊「登革熱快速檢驗結果」欄位輸入檢驗結果。<br/><br/><br/><br/><br/><br/>最後更新日期2018/12/22<br/><br/>,O
如果病患使用登革熱NS1抗原快速診斷試劑檢試驗結果為陽性，臨床處置的建議是什麼？,<br/>醫師評估病患的流行病學資料及臨床症狀而懷疑感染登革熱時，經「登革熱NS1抗原快速診斷試劑」檢驗結果為陽性時，病人感染登革熱的機率極高。臨床處置建議可參閱疾病管制署「登革熱病例管理流程圖」或疾病管制署出版之「登革熱臨床症狀、診斷與治療」手冊。<br/><br/><br/><br/><br/><br/>最後更新日期2018/12/22<br/><br/>,O
由疾管署公務預算支付之登革熱NS1抗原快速診斷試劑的使用條件為何？ ,<br/>自105年12月6日起，潛伏期有國內、外登革熱流行地區活動史，或住家、活動範圍附近有登革熱陽性病例之病患，只要距離發病尚未超過7日並符合登革熱病例定義，可使用登革熱NS1抗原快速診斷試劑，費用由疾病管制署支付，並由中央健康保險署代辦。<br/><br/><br/><br/><br/><br/>最後更新日期2018/12/22<br/><br/>,O
"	由疾管署公務預算支付之登革熱NS1抗原快速診斷試劑檢驗陰性，還需要通報嗎？ ",,X
什麼是登革熱警示徵象？ ,<br/>腹痛、呼吸困難、持續嘔吐、四肢濕冷、出血(如流鼻血、解黑便、吐血、咳血、月經血過多等)，嗜睡或躁動不安等症狀，一般都是出現於發病後三至七日間，一旦出現這些症狀，必須馬上就醫。<br/><br/><br/><br/><br/><br/>最後更新日期2018/12/22<br/><br/>,O
感染到登革熱如何治療及預防？有無疫苗？,"<br/><br/>	登革熱目前沒有特效藥物可治療，一般採行支持性療法，請遵照醫師指示服藥、休息、多喝水。<br/>	104年12月全球首支登革熱疫苗問世，為法國SanofiPasteur藥廠所生產的Dengvaxia，屬四價活性減毒疫苗，適用年齡為9–45歲的兒童及成人，目前有20多個國家核准上市，惟尚未在臺灣核准上市。在國內尚未有安全有效的登革疫苗核准上市前，建議民眾應加強自身的防蚊措施，並積極清除積水容器，杜絕病媒蚊孳生才是防治登革熱的根本之道。<br/><br/><br/><br/><br/><br/><br/>最後更新日期2019/2/25<br/><br/>",O
感染登革熱以後有沒有免疫力呢？,<br/>感染某一型登革病毒的患者，對該型病毒具有終身免疫，而對其他型別僅具有短暫的免疫力，之後還有可能再感染其他型別。例如以前曾得到第Ⅰ型登革熱，以後就不會再得到第Ⅰ型登革熱，但有可能得到第Ⅱ、Ⅲ、Ⅳ型等三型登革熱。<br/><br/><br/><br/><br/><br/>最後更新日期2018/12/22<br/><br/>,O
登革熱的死亡率？,<br/>典型登革熱，致死率低於1％。但若無適當治療，可能演變成登革熱重症，致死率會超過20％，若早期診斷並加以適當治療，死亡率可低於1％。<br/><br/><br/><br/><br/><br/>最後更新日期2018/12/22<br/><br/>,O
登革熱會透過輸血方式感染嗎？ ,"<br/>有可能。但比較可能在登革熱病人發病前1天到隨後7天的時間內捐血，才有機會發生。這段期間，登革熱病人血液裡存有較多量的登革病毒(所以叫做病毒血症期)。若另一個人，剛好在這段期間輸到登革熱病人的血就可能接受到病毒。常規上，捐血中心不會讓發燒或身體不適的人捐血；也有讓捐血人回電話、停止用血的機制。此外，為提升國人輸血安全及加強登革熱防治，並參照國際之作法，臺灣血液基金會已自105年起增加相關預防措施，以降低可能因感染登革熱之風險，包括：<br/><br/><br/>	自登革熱流行地區離境，暫緩捐血4週。<br/>	登革熱確定病例痊癒無症狀後4週，才可再捐血。<br/>	確定病例之接觸者，暫緩捐血4週。<br/><br/><br/><br/><br/><br/><br/>最後更新日期2019/1/29<br/><br/>",O
國內有因輸血被感染的案例嗎? ,<br/>至目前為止，國內並沒有因輸血感染登革熱的案例。<br/><br/><br/><br/><br/><br/>最後更新日期2018/12/22<br/><br/>,O
如果捐血後發現感染登革熱，應如何處理？ ,<br/>捐血後如果發現感染登革熱，請立即透過捐血中心發放之良心回電文宣，去電告知，以利捐血中心後續處理。<br/><br/><br/><br/><br/><br/>最後更新日期2018/12/22<br/><br/>,O
民眾經醫師診斷為登革熱應注意的事項？,"<br/>一、遵照醫師指示服藥、休息、多喝水。<br/><br/>二、自您發病後五日內，應注意避免被蚊蟲叮咬，而將病毒藉由蚊蟲散播出去。<br/><br/>三、建議防蚊措施：<br/><br/><br/>	家中裝設紗窗紗門<br/>	穿著淺色長袖衣褲<br/>	睡覺時掛蚊帳<br/>	使用捕蚊燈或電蚊拍（蚊香僅具驅蚊效果）<br/>	必要時塗抹含DEET防蚊藥劑<br/>	生病期間儘量在家休息<br/><br/><br/><br/><br/><br/><br/>最後更新日期2019/1/29<br/><br/>",O
民眾經醫師診斷為登革熱應配合的事項？ ,"<br/><br/>	衛生局（所）將以您的住家為中心，對鄰近住戶實施訪視（疫情調查），訪查其他住戶是否有與您同樣症狀的人。如果您的親友出現類似症狀，應請他們儘速前往醫療院所就醫。<br/>	衛生局（所）將以您的住家為中心，對鄰近住戶進行孳生源檢查，請家戶及社區配合清除各種積水容器。必須使用的儲水容器，不用時應倒置，使用時加蓋密封，至少每週換洗一次，並刷洗內壁以清除蟲卵。<br/>	若民眾住家或戶外有病媒蚊孳生源，經政府通知或公告應清除而不清除，經查核發現時，可依傳染病防治法第70條規定，處新臺幣3千元以上1萬5千元以下罰鍰。<br/><br/><br/><br/><br/><br/><br/>最後更新日期2019/1/29<br/><br/>",O
若感染登革熱，住院治療以後，要出國旅行會不會受到限制？ ,<br/>沒有限制。但基於國際公共衛生考量，請勿在病毒血症期（發病前一天至發病後第五天）出國，避免造成他人感染，最好等疾病康復後再行出國。<br/><br/><br/><br/><br/><br/>最後更新日期2018/12/22<br/><br/>,O
在登革熱流行地區，流感疫苗接種政策是否有所調整？ ,<br/>如果不接種流感疫苗而感染流感，流感的症狀反而更不容易與登革熱感染做鑑別診斷。因此在登革熱流行地區，經醫師評估沒有接種禁忌症，就可以接種流感疫苗。流感疫苗是預防流感最有效的方法，可以降低老人、幼兒、孕婦及有潛在疾病的高危險族群因罹患流感而導致的嚴重併發症或死亡，如果對接種流感疫苗有任何疑慮，建議與醫師討論後接種。接種流感疫苗後，注射部位可能會有疼痛、紅腫等局部反應，非常少數的人會出現發燒、頭痛、肌肉酸痛等症狀，有時可能與登革熱的症狀不易分辨。但接種流感疫苗後的反應一般會在1至2天內自然恢復，若症狀未改善（尤其是發燒超過38℃持續1天以上），應儘速就醫，告知醫師相關症狀、症狀發生時間、疫苗接種時間，以做為醫師鑑別診斷之參考。<br/><br/><br/><br/><br/><br/>最後更新日期2019/1/29<br/><br/>,O
打流感疫苗會使人反而比較沒有抵抗力嗎？我住在登革熱流行地區，可以打疫苗嗎? ,<br/>流感疫苗是非活化疫苗，疫苗成分不具傳染力，施打疫苗不會造成流感病毒的感染，而且不會影響抵抗力。住在登革熱流行地區，經醫師評估沒有接種禁忌症，就可以接種流感疫苗。<br/><br/><br/><br/><br/><br/>最後更新日期2018/12/22<br/><br/>,O
我懷疑自己感染登革熱，還能打流感疫苗嗎？,<br/>若懷疑自己感染登革熱，請儘速就醫，由醫師根據病人的流行病學資料及臨床症狀，提供適當的評估和處置。若經醫師評估認為疑似有感染登革熱情形，則應等急性症狀緩解後，並經醫師再次評估後，再接種流感疫苗。<br/><br/><br/><br/><br/><br/>最後更新日期2018/12/22<br/><br/>,O
我已經被診斷為感染登革熱，還可以打流感疫苗嗎? ,<br/>依流感疫苗接種注意事項，發燒或正患有急性中、重度疾病者，宜待病情穩定後再接種流感疫苗。因此，若您已被診斷為登革熱，應等病情穩定並經醫師評估後，再接種流感疫苗。<br/><br/><br/><br/><br/><br/>最後更新日期2018/12/22<br/><br/>,O
"	我打完流感疫苗後，出現了發燒、頭痛、肌肉痠痛等症狀，我不清楚到底是疫苗的副作用還是感染登革熱，我應該怎麼辦？",<br/>接種流感疫苗後，注射部位可能會有疼痛、紅腫，全身性的輕微反應，如發燒、頭痛、肌肉酸痛、噁心、皮膚搔癢、蕁麻疹或紅疹等並不常見，且一般會在發生後1至2天內自然恢復。若症狀未改善（尤其是發燒超過38℃持續1天以上），應儘速就醫，告知醫師相關症狀、症狀發生時間、疫苗接種時間，以做為醫師診斷參考。<br/><br/><br/><br/><br/><br/>最後更新日期2019/1/29<br/><br/>,O
結核病是如何傳染的？,<br/>結核病的傳染途徑主要是空氣與飛沫傳染，傳染性的結核病人者經由咳嗽、打噴嚏、說話、唱歌等，將包在分泌物的細菌排在空氣中，被健康的人吸入造成感染。結核病不會經由食物傳染，病人所使用的餐具也不需要另外消毒。此外，診斷為「單純肺外結核」的病人不具傳染性，不會傳染給別人；診斷為「肺結核」的病人從傳染性來看，又可以分為傳染性和非傳染性兩種。傳染性是指痰內帶有結核菌，在尚未服藥治療前會傳染給別人；非傳染性指痰內不帶結核菌，不會傳染給別人。<br/><br/><br/><br/><br/>最後更新日期2021/2/20<br/><br/>,O
結核病可以治好嗎？治療期間有什麼要注意的呢?,<br/>現在的結核藥物很先進，只要好好治療是可以治癒的。若與醫師及衛生單位配合，規則服藥、定期回診，也可以照常工作。一般治療時間約6個月，但有時候醫師會依據病人的病情延長治療時間，以確保治療成功。<br/>建議傳染性結核病人在一開始服藥的前2個星期，儘量在家休養、加入都治服藥，配戴口罩並避免前往人口聚集的公共場合，等到規則服藥2週或痰液檢驗呈陰性以後，就可以恢復作息如常。<br/><br/><br/><br/><br/>最後更新日期2021/2/20<br/><br/>,O
如何預防感染結核病及保護身邊的人不被結核菌感染？,<br/>保持良好的健康生活形態，提升自身免疫力及落實個人良好之衛生習慣與咳嗽禮節，並避免出入通風不良的公共場所及醫療院所，萬一和具傳染性的結核病患（痰裡有細菌）尚未服藥前，有長時間相處，請定期追蹤並主動告知醫師接觸史以預防感染結核病。另，為保護身邊相處的人，結核病人應遵從醫囑接受治療規則服藥，並且保持個人良好之衛生習慣，如打噴嚏或咳嗽時用手帕或衛生紙掩蓋口鼻、吐出的痰液用衛生紙包好丟入馬桶沖掉以及室內保持空氣流通。<br/><br/><br/><br/><br/><br/>最後更新日期2021/2/20<br/><br/>,O
可以拒絕和結核病患一起唸書或工作嗎？,<br/>其實，結核病患只要開始治療，傳染力很快就會大幅降低，您不用過度緊張，也不需要排斥結核病患，且依據傳染病防治法第十二條規定，政府機關、民間團體、事業或個人不得拒絕傳染病人就學、工作、安養、居住或予其他不公平之待遇，但經主管機關基於傳染病防治工作需要限制者，不在此限。因此，除非是衛生單位判定這位患者的病情需要進行長時間隔離治療以阻斷他的傳染性，這時才會限制其人身自由進行結核病治療。<br/><br/><br/><br/><br/><br/>最後更新日期2021/3/5<br/><br/>,O
什麼是都治計畫？,<br/>DOTS（DirectlyObservedTreatment,O
當我被通知是結核病患的接觸者，應該怎麼辦？,<br/>結核病是一種透過飛沫及空氣傳播的疾病，但當你接獲通知為結核病患的接觸者時，不一定被感染，請勿擔心，此時您會收到衛生單位轉介您去接受檢查的三聯單，請務必配合衛生單位進行後續追蹤及檢查。<br/><br/><br/><br/><br/><br/>最後更新日期2021/1/26<br/><br/>,O
接觸者檢查有那些項目？,<br/>接觸者檢查包括胸部X光檢查與潛伏結核感染檢驗【如：丙型干擾素釋放試驗(IGRA)、皮膚結核菌素測驗(TST)】，胸部X光檢查目的在於確認是否為結核病發病個案；潛伏結核感染檢驗目的在於了解是否感染結核菌。所有接觸者皆需進行胸部X光檢查，部分發病風險較高的接觸者另需執行潛伏結核感染檢驗。<br/><br/><br/><br/><br/><br/>最後更新日期2021/1/26<br/><br/>,O
配合進行接觸者檢查後，後續還需持續追蹤嗎？,<br/>如接觸者已完成胸部X光檢查，且潛伏結核感染檢驗呈陰性，或檢驗陽性完成潛伏結核感染(LTBI)治療者，則無需追蹤第12個月胸部X光檢查；如接觸者潛伏結核感染檢驗呈陽性但未完成治療者，則建議在第12個月時再進行胸部X光追蹤，以早期診斷早期治療。<br/><br/><br/><br/><br/><br/>最後更新日期2021/2/18<br/><br/>,O
何謂潛伏結核感染？會傳染給別人嗎？,<br/>潛伏結核感染顧名思義就是沒有症狀，雖然身體裡有結核菌，但沒有發病，不具有傳染性，胸部X光檢查也是正常，只有進行潛伏結核感染檢驗時才會呈現陽性反應，若沒有檢查也不會知道有感染。<br/><br/><br/><br/><br/><br/>最後更新日期2021/2/18<br/><br/>,O
為什麼我會變成潛伏結核感染者？,<br/>結核病主要透過飛沫及空氣傳播，尤其是曾經與傳染性的病人長時間在通風不良的狀況下接觸，呼吸一樣的空氣，就有可能因此得到潛伏結核感染。<br/><br/><br/><br/><br/><br/>最後更新日期2021/2/18<br/><br/>,O
潛伏結核感染檢驗陽性代表什麼意義？,<br/>潛伏結核感染檢驗方式有2種，分別為皮膚結核菌素測驗和丙型干擾素釋放試驗，檢驗陽性者表示身體過去接觸過結核菌，並且細菌可能已留在體內，這種情形就稱為「潛伏結核感染」，建議應該依醫師綜合評估排除活動性結核病後加入潛伏結核感染治療，以預防發病。<br/><br/><br/><br/><br/><br/>最後更新日期2021/2/18<br/><br/>,O
潛伏結核感染有可能會變成結核病患嗎？,<br/>潛伏結核感染的人，一生中約有5-10%發病機率，造成肺內或肺外結核，其中又以感染後第一年的發病機率最大，但只要在未發病前，給予潛伏結核感染治療，就可有效減少9成發病機會，因此民眾不用太過緊張。<br/><br/><br/><br/><br/><br/>最後更新日期2021/2/18<br/><br/>,O
接觸者如被醫生診斷為潛伏結核感染者，需要接受治療嗎？,<br/>當醫師診斷您為潛伏結核感染者時，無需擔心，因潛伏結核感染者沒有傳染力，只要依醫師評估進行潛伏結核感染治療，即可有效減少日後發病的機會。<br/><br/><br/><br/><br/><br/>最後更新日期2021/2/18<br/><br/>,O
潛伏結核感染(LTBI)檢驗與COVID-19疫苗接種間隔時間?,<br/>COVID-19疫苗接種後目前尚未有實證是否影響LTBI檢驗，但有可能因疫苗接種後影響細胞免疫反應，使得LTBI檢驗呈現偽陰性。有關LTBI檢驗時效及準確性與COVID-19疫苗2劑接種時程安排，建議辦理原則如下：<br/>一、先完成檢驗(IGRA或TST)再接種疫苗；IGRA抽血完成後可同日或異日接種疫苗；惟TST檢驗須完成判讀後再接種疫苗，以避免疫苗接種後影響TST判讀結果。<br/>二、倘接觸者剛過終止有效暴露日，建議先儘速接種第1劑COVID-19疫苗，待終止有效暴露達8週後執行LTBI檢驗(與疫苗間隔已達4週)，再接種第2劑疫苗。<br/>三、倘先接種COVID-19疫苗，則需間隔4週後再進行LTBI檢驗，依接種疫苗種類，原則如下：<br/>(一)AZ疫苗：病毒載體疫苗(adenovirusvector)，需接種2劑，第2劑需與第1劑間隔8週，請於接種第1劑後間隔4週執行LTBI檢驗。<br/>(二)Moderna疫苗：為mRNA疫苗，需接種2劑，第2劑需與第1劑間隔4週，請於第2劑接種前先完成LTBI檢驗再接種疫苗。<br/><br/><br/><br/><br/>最後更新日期2021/5/13<br/><br/>,O
什麼是指標個案？,<br/>確定診斷是結核病的那個病人，用「指標個案」來簡稱。而指標個案接觸的同住家屬、朋友、同學或同事即為接觸者。<br/><br/><br/><br/><br/>最後更新日期2021/3/12<br/><br/>,O
什麼是潛伏結核感染？,"1.? 結核菌進入人體後在肺部會被肉芽組織包覆，當身體免疫力夠時，可控制不發病，這種平衡的狀態稱之為潛伏結核感染。
2.? 想要了解自己是否有感染結核菌，目前有2種檢驗方法，分別為丙型干擾素釋放試驗(Interferon-γ release assays， IGRAs)或皮膚結核菌素測驗(Tuberculin skin test， TST)。如果您曾接觸高傳染性結核病個案，衛生單位公衛管理人員會協助轉介您至合作醫院接受檢查和治療評估。",X
哪些人需要做潛伏結核感染檢查？,<br/>衛生單位會依據指標個案痰液檢查結果判斷其接觸者是否需要做潛伏結核檢驗，並在「TB接觸者就醫轉介單」勾選潛伏結核感染檢查項目提供予接觸者至指定之醫療院所進行檢查。<br/><br/><br/><br/><br/>最後更新日期2021/3/12<br/><br/>,O
什麼是結核菌素測驗？,<br/>結核菌素測驗是以0.1㏄（非常微量）的結核菌素注入皮膚，經過48-72小時內查看有無特異之免疫反應現象，以診斷是否有結核菌感染。目前針對兒童接觸者提供結核菌素測驗做為潛伏結核感染檢驗工具。<br/><br/><br/><br/><br/>最後更新日期2021/3/12<br/><br/>,O
什麼是丙型干擾素釋放試驗？,<br/>丙型干擾素釋放試驗是一種用來診斷是否感染結核菌的抽血檢查，偵測血液中T細胞對結核菌抗原的免疫反應，適合曾接種卡介苗的接觸者或免疫不全的病患。<br/><br/><br/><br/><br/>最後更新日期2021/3/12<br/><br/>,O
潛伏結核感染檢驗呈陽性反應，代表什麼意義？,<br/>表示曾被結核菌感染，但不代表目前發病，被感染還沒有發病的人是沒有傳染力的，也不會傳染給別人，毋須擔心。<br/><br/><br/><br/><br/>最後更新日期2021/3/12<br/><br/>,O
為什麼兒童需要接受第二次的潛伏結核感染檢驗？,<br/>未滿5歲的兒童接觸者，發病風險高，於指標個案確診後應儘速執行檢驗，陰性者，與指標個案終止有效暴露滿8週後須進行第2次LTBI檢驗。<br/><br/><br/><br/><br/>最後更新日期2021/3/12<br/><br/>,O
我會不會馬上變成病人？,<br/>指標個案的密切接觸者有較高的風險感染結核菌，潛伏感染結核者一生中約有5－10%機會發病，感染後的1年內發病機率最高。然而感染後是否發病，會因為宿主的健康狀況、免疫狀態等因素而不同。因此，請您務必依照衛生單位的安排，於約定的時間內進行接觸者檢查，才能早期診斷早期治療；或者排除被感染與發病的可能，免除不必要的擔憂。<br/><br/><br/><br/><br/>最後更新日期2021/3/12<br/><br/>,O
結核病發病的症狀？,<br/>結核病發病早期的時候，因每個人的體質及當時免疫力的情形，症狀不一定會很明顯，到症狀比較明顯的時候，可能會有咳嗽、咳痰、咳血、夜間盜汗、食慾變差、體重減輕、長期疲備不舒服、午後輕微發燒、胸悶胸痛等。<br/><br/><br/><br/><br/>最後更新日期2021/3/12<br/><br/>,O
我沒有任何生病的感覺，還需要接受潛伏結核感染檢驗嗎？,<br/>有症狀就要懷疑是否發病，必需去看專科醫生，接受進一步醫療評估；若無症狀，沒辦法知道自己是否已經感染或處於潛伏結核感染狀態，倘接獲衛生單位通知，請務必依安排進行胸部X光檢查及潛伏結核感染檢驗，才可以幫助自己瞭解身體真正的狀況。<br/><br/><br/><br/><br/>最後更新日期2021/3/12<br/><br/>,O
什麼是結核病接觸者的權利義務？,<br/>結核病病人由醫療院所通報並確定診斷極有可能是結核病時，這位病人的密切接觸者有知道自己是接觸者的權利。由於結核病是慢性傳染病，且傳播發生在病人診斷尚未治療之前，因此，接觸者也有依傳染病防治法，必須前往指定醫療院所接受檢查的義務。依照結核病工作手冊，接觸者會在病人確診後的1個月內被衛生單位通知進行檢查，請務必配合。<br/><br/><br/><br/><br/>最後更新日期2021/3/12<br/><br/>,O
密切接觸者可以知道指標個案是誰嗎？,<br/>大家都是受到結核菌的傳染，最重要的是要中止傳染，所以依據傳染病防治法，密切接觸者有知道自己是接觸者的權利，也有前往指定醫療院所接受檢查義務，但沒有權利知道指標個案是誰。<br/><br/><br/><br/><br/>最後更新日期2021/3/12<br/><br/>,O
現在班上/工作場所到底有幾個人生病了？,<br/>為了阻斷傳染鏈以防止傳染病發生，衛生單位會安排接觸者進行檢查，是希望透過早期檢查早期發現，來提供必要的保護措施，包含採行潛伏結核感染治療，或者發現結核病患及時轉介至醫院治療，來維護民眾的身體健康。而且依據傳染病防治法的規定，相關人員因知悉傳染病或疑似傳染病人資料，不得洩漏。<br/><br/><br/><br/><br/>最後更新日期2021/3/12<br/><br/>,O
如果我（的小孩）是潛伏結核感染者，該如何處理？,<br/>一般人受到感染，一生中約有5－10%的機會發病，感染後，1年內的發病機率最高，兒童接觸者的相對風險又比成人接觸者的機會高，接觸者發病機率為一般同齡民眾的8－240倍。所以目前針對有發病風險之接觸者，提供潛伏結核感染的治療。因此衛生單位如果將您（的小孩）轉介至合約院所，由專科醫師評估是否須進行潛伏結核感染治療時，請務必配合，以維護自己的健康。<br/><br/><br/><br/><br/>最後更新日期2021/3/12<br/><br/>,O
我（的小孩）一定要進行潛伏結核感染治療嗎？,<br/>當衛生單位為您和（或）您的小孩說明接觸者檢查的原委後，會為您安排檢查的時間並轉介至潛伏結核感染治療的合作醫師，由醫師依據臨床症狀及檢查結果，綜合判定是否進行潛伏結核感染治療。對於經評估後需要進行潛伏結核感染治療的接觸者來說，此種治療，一般而言可以提供很好的預防發病的機會，在服藥的過程中，衛生單位每天會派關懷員來送藥，並且評估服藥的狀況，以便提供及時的協助。<br/><br/><br/><br/><br/>最後更新日期2021/3/12<br/><br/>,O
我（的小孩）有可能會中斷潛伏感染的治療嗎？,<br/>是的。如果指摽個案被排除結核病診斷，或者潛伏感染治療產生副作用無法克服等因素，將可能中斷治療。<br/><br/><br/><br/><br/>最後更新日期2021/3/12<br/><br/>,O
如果我（的小孩）不願意接受治療或被中斷潛伏感染的治療，要如何處理？,<br/>結核菌感染後是否發病和免疫力狀態有關。建議養成健康的生活習慣，讓孩子維持較佳的免疫力，以降低發病的可能性，1年後須再追蹤胸部X光，確定沒有發病。另請注意結核病的症狀，往後人生過程如果發生結核病症狀或咳嗽超過2至3週，或不明原因發燒、體重減輕、食慾變差，應戴上外科口罩，儘速就醫並告知醫師曾經是傳染性結核病人的密切接觸者。<br/><br/><br/><br/><br/>最後更新日期2021/3/12<br/><br/>,O
指標個案還可上班、上課嗎?其他人不會被傳染嗎?,<br/>將心比心，若今天自己的孩子患有疾病，亦不希望孩子在學校遭受排擠，剝奪其就學、就業權，另一方面衛生單位也不希望有傳染性的病人繼續傳染給其他人。結核病是可以治癒的，只要規則服藥兩週後即不會傳染他人。而咳嗽配戴口罩，即降低傳染力，也可正常生活工作，持續規則服藥6到9個月絕大部份的結核病人都能痊癒。<br/><br/><br/><br/><br/>最後更新日期2021/3/12<br/><br/>,O
指標個案的現況如果已經是痰塗片及培養陰轉(沒有傳染力)且按規服藥治療者，還可上班、上課嗎?,<br/>指標個案已經無傳染性，不會再傳染給任何人，所以當然可以正常上班、上課，最重要的是鼓勵他們好好接受並在都治下完成治療，以保護個人及大家的健康。<br/><br/><br/><br/><br/>最後更新日期2021/3/12<br/><br/>,O
為何要在治療結核科門診提供愛滋病毒(HIV)檢驗?,<br/>HIV感染是潛伏結核感染(LTBI)進展為結核病之重要危險因子，且結核病是HIV感染者之常見共病及主要死亡原因，及早診斷HIV感染可作為結核病治療用藥之依據，提升治療成功率。<br/><br/><br/><br/><br/>最後更新日期2021/3/11<br/><br/>,O
醫療院所應何時執行HIV檢驗?,<br/>醫療院所對於結核病個案治療前評估，會抽血進行生化檢查，請向個案說明取得同意後，同時檢驗HIV，避免須多次抽血造成困擾。<br/><br/><br/><br/><br/>最後更新日期2021/3/11<br/><br/>,O
12歲以下兒童也可以檢驗嗎?,<br/>考量臺灣12歲以下兒童HIV感染情況稀少且治療期間不一定常規抽血，故可依個案狀況評估是否檢驗；倘評估兒童有HIV感染風險，可依臨床評估進行檢驗。<br/><br/><br/><br/><br/>最後更新日期2021/3/11<br/><br/>,O
個案須填寫同意書嗎?,<br/>在提供HIV檢驗及諮詢服務時，應讓個案瞭解檢驗及諮詢服務的目的及過程，並取得個案的同意後進行檢驗。同意的方式以口頭或書面同意均可。<br/><br/><br/><br/><br/>最後更新日期2021/3/11<br/><br/>,O
HIV是一種年輕人才會感染的疾病嗎?,<br/>HIV不是年輕人才會感染，只要有不安全性行為、共用針具或稀釋液等行為，就有感染的風險。<br/><br/><br/><br/><br/>最後更新日期2021/3/11<br/><br/>,O
個案拒絕怎麼辦?,<br/>部分個案剛被通報診斷結核病，心理衝擊很大，第一時間或許會拒絕檢查，且多數人都認為自己沒有感染HIV的風險。可以給個案一段時間適應及思考後，再與個案溝通，瞭解自己的免疫狀況，對治療有好處，鼓勵抽血檢查，並向個案說明會確保其隱私。<br/><br/><br/><br/><br/>最後更新日期2021/3/11<br/><br/>,O
若個案主訴無性行為，還需要檢驗嗎?,<br/>愛滋病毒感染未發病期間不會有症狀，一般會在感染後好幾年才發病，故目前沒有危險因子不代表未被感染，仍建議抽血檢驗以瞭解現在的免疫和健康狀況。<br/><br/><br/><br/><br/>最後更新日期2021/3/11<br/><br/>,O
當我向個案介紹並進行HIV檢驗時，會讓個案陷入視為愛滋感染者的窘境,<br/>HIV檢驗如同一般預防性保健服務(如：B、C肝炎檢驗)，係為使民眾瞭解自身健康狀況之檢查項目，個案無須將進行HIV檢驗者連結到道德譴責的刻板印象或歧視。<br/><br/><br/><br/><br/>最後更新日期2021/3/11<br/><br/>,O
如果個案推說”他沒有時間接受HIV檢驗”，該怎麼辦?,<br/>如果是臨床醫師，建議回診時併其他抽血檢驗一起進行；如果是公衛人員，除請個案到衛生所抽血外，也可以在例行的家庭訪視中提供檢驗服務。<br/><br/><br/><br/><br/>最後更新日期2021/3/12<br/><br/>,O
依據卡介苗仿單適用年齡，出生後即可接種，且國際間多採越早接種對避免結核性腦膜炎等狀況越好，在本次延後卡介苗適合接種年齡上，就防疫立場該如何向家屬說明? ,<br/>卡介苗問世迄今已逾百年，而百年前的結核病是種白色瘟疫，造成感染者大量死亡，卡介苗在當時的環境下效益很好，是結核病防治的首選項目。但隨著醫療科技發達及抗生素研發，卡介苗在現今結核病的防疫角色上已逐漸淡化。此外，我國是全球少數進行卡介苗不良反應主動監測的國家，就監測結果顯示，卡介苗骨髓炎個案的接種時間均為出生後3個月內，雖無法完全確認卡介苗骨髓炎是否與接種時間有關，但規劃透過延後卡介苗適合接種年齡，減少卡介苗骨髓炎案例。未來仍會持續監測，做為未來調整卡介苗政策的參考依據，以期在新疫苗完成開發以取代卡介苗之前，提供我國民眾最適切的資訊及建議。<br/><br/><br/><br/><br/><br/>最後更新日期2019/2/21<br/><br/>,O
當新生兒/嬰兒有結核病暴露史，該何時接種卡介苗? ,<br/>請參見下列流程圖。<br/><br/><br/><br/>附件<br/><br/>當新生兒-嬰兒有結核病暴露史該何時接種卡介苗流程圖.pdf<br/><br/><br/><br/><br/><br/><br/><br/>最後更新日期2019/7/11<br/><br/>,O
變更卡介苗適合接種年齡後，衛生單位宜何時提醒民眾攜嬰幼兒接種卡介苗(催種)? ,<br/>各縣市衛生主管機關提醒民眾的時間可能不盡相同，因此卡介苗適合接種年齡為出生滿5個月(建議接種時間為出生滿5-8個月)，催種時間原則上會在嬰幼兒出生滿4-12個月之間。<br/><br/><br/><br/><br/><br/>最後更新日期2019/2/21<br/><br/>,O
如果家屬希望在其他時間點上讓嬰幼兒接種卡介苗，是否要簽具切結書? ,<br/>家屬無須另外簽具切結書，僅需在「卡介苗接種敬告家長書」的回條上備註提早或延後接種卡介苗即可。<br/><br/><br/><br/><br/><br/>最後更新日期2019/2/21<br/><br/>,O
為什麼要將卡介苗適合接種年齡延後? ,<br/>接種卡介苗主要是為了避免幼童因感染結核菌發生嚴重結核病(例如：結核性腦膜炎等)，因此卡介苗接種是國際上多數國家採行的結核病防治策略。現階段我國尚未到達國際抗癆聯盟（IUATLD）卡介苗停止接種的標準，因此不建議全面停止接種卡介苗。但就我國卡介苗不良反應主動監測結果顯示，卡介苗骨髓炎個案接種時的月齡較小，雖無法完全確認卡介苗骨髓炎是否與接種時間有關，但規劃透過延後卡介苗適合接種年齡，減少卡介苗骨髓炎案例。<br/><br/><br/><br/><br/><br/>最後更新日期2019/2/21<br/><br/>,O
我家寶寶應何時接種卡介苗? ,<br/>延後卡介苗適合接種年齡自105年1月1日起實施，接種時間仍需視醫師及家屬之評估，原則性建議如下：<br/><br/>1.105年1月1日(含)以後出生或105年以前就出生但尚未接種卡介苗之嬰幼兒，適合接種年齡為出生滿5個月(建議接種時間為出生滿5-8個月)<br/><br/>2.104年12月31日(含)之前要接種卡介苗之嬰幼兒，原則上適合接種年齡為出生24小時後，但家屬可以選擇於出生滿5個月接種。若有結核病接觸史則另行評估(請見下題)。<br/><br/><br/><br/><br/><br/>最後更新日期2019/2/21<br/><br/>,O
如果我家寶寶是105年1月1日以前出生，但105年1月1日尚未接種卡介苗，應何時接種? ,<br/>適合接種年齡為出生滿5個月(建議接種時間為出生滿5-8個月)。<br/><br/><br/><br/><br/><br/>最後更新日期2019/2/21<br/><br/>,O
我家寶寶如果是結核病接觸者，應該何時接種卡介苗? ,<br/>分為下列2種情形說明：<br/><br/>1.嬰幼兒若經衛生主管機關(衛生局/衛生所)通知為結核病接觸者，需進行結核菌素測驗及胸部X光檢查，評估是否感染結核菌或已成為結核病人，衛生局將協助必要的治療轉介。<br/><br/> (1)經評估，是感染結核菌或結核病人：無須接種卡介苗。<br/><br/> (2)經評估，不是感染結核菌或結核病人：及早接種。<br/><br/>2.嬰幼兒若未受衛生主管機關通知為結核病接觸者，但家屬(或主要照顧者)自知與結核病患者有密切接觸，應主動與衛生主管機關聯繫或告知醫師，評估是否進行上述檢驗，並依相同原則規劃卡介苗接種時程。<br/><br/><br/><br/><br/><br/>最後更新日期2019/2/21<br/><br/>,O
更改了卡介苗適合接種年齡後，民眾可在哪裡接種疫苗? ,<br/>提供接種服務的醫療院所原則上不會因此變動，建議於接種前向當地衛生主管機關查詢，或至本署網站查詢(網址：https://www.cdc.gov.tw。路徑：首頁/預防接種/預防接種單位及諮詢資訊/各縣市預防接種單位<br/><br/><br/><br/><br/><br/>最後更新日期2019/6/11<br/><br/>,O
如果因為要出國或其他原因，想要提早接種卡介苗可不可以? ,<br/>可以，只要沒有其他接種卡介苗之禁忌症(例如：免疫機能不全等)，在醫師的評估下即可提早接種卡介苗。<br/><br/><br/><br/><br/><br/>最後更新日期2019/2/21<br/><br/>,O
家長因經商關係需經常性帶著初生嬰幼兒往返大陸及越南等地區，這些國家多為出生24小時以後及早接種，那麼該如何為嬰幼兒選擇接種時間? ,<br/>東亞及東南亞地區除了日本及新加坡以外，其他國家的結核病發生率均高於我國，且這些國家的卡介苗接種時間多為出生24小時後及早接種。因此，為維護嬰幼兒健康並符合經常性停留國家之卡介苗政策，此類幼童若無接種卡介苗之禁忌症(例如：免疫機能不全等)，家屬可考慮提早接種卡介苗。<br/><br/><br/><br/><br/><br/>最後更新日期2019/2/21<br/><br/>,O
延後卡介苗接種時間會有什麼風險? ,<br/>接種卡介苗主要是為了避免幼童因感染結核菌發生嚴重結核病(例如：結核性腦膜炎等)，此類疾病常造成不可逆的後遺症。而我國近年在公共衛生及醫療人員的共同努力下，結核病發生率已逐年降低，因此延後卡介苗適合接種年齡雖略為增加暴露結核菌的風險，但有感染風險的接觸者在地方衛生主管機關的建議下，將進行相關檢驗及必要的潛伏結核感染治療，可阻斷病程進展為結核病甚至結核性腦膜炎，可補強延後接種衍生的風險。<br/><br/><br/><br/><br/><br/>最後更新日期2019/2/21<br/><br/>,O
結核病的高危險群幼兒(例如：同住家屬有結核病人等)，是否要提早接種? ,<br/>結核菌的傳播與接觸的時間有高度的相關性，因此同住家屬有結核病患者時，嬰幼兒確實有較高的風險受感染，此時家屬可以考慮提前接種卡介苗。但因為嬰幼兒已是結核病接觸者，因此在接種卡介苗前須進行結核菌素測驗，以評估是否已受感染。<br/><br/><br/><br/><br/><br/>最後更新日期2019/2/21<br/><br/>,O
是否可以選擇不接種卡介苗? ,<br/>接種卡介苗主要是為了避免幼童因感染結核菌發生嚴重結核病(例如：結核性腦膜炎等)，此類疾病常造成不可逆的後遺症。研究顯示，未接種卡介苗的幼童罹患結核性腦膜炎的風險是有接種者的47倍(我國未接種卡介苗之幼童結核性腦膜炎發生率約為百萬分之152.5例)。而接種卡介苗可能會有一定比例不同程度的不良反應，依卡介苗不良反應主動監測結果顯示，卡介苗骨髓炎(較嚴重的不良反應)的發生率約百萬分之50例，且預後情形較結核性腦膜炎為佳。「卡介苗接種敬告家長書」中已提供前述資訊，家屬可依嬰幼兒之最大健康利益選擇接種與否。<br/><br/><br/><br/><br/><br/>最後更新日期2019/2/21<br/><br/>,O
延後卡介苗接種時間就一定不會產生卡介苗骨髓炎嗎?,<br/>目前無法完全確認卡介苗骨髓炎是否與接種時間有關，但就我國卡介苗不良反應主動監測結果顯示，卡介苗骨髓炎個案接種時的月齡較小，因此規劃透過延後卡介苗適合接種年齡，減少卡介苗骨髓炎案例。<br/><br/><br/><br/><br/><br/>最後更新日期2019/2/21<br/><br/>,O
延後卡介苗接種時間以後，和接種其他疫苗間隔為何? ,<br/>卡介苗為活性減毒疫苗，與其他疫苗接種的間隔在「各項預防接種間隔時間一覽表」(表一)已有相關規範。<br/><br/><br/><br/>附件<br/><br/>各項預防接種間隔時間一覽表(含活性減毒與活性減毒疫苗接種間隔).pdf<br/><br/><br/><br/><br/><br/><br/><br/>最後更新日期2019/4/15<br/><br/>,O
延後卡介苗適合接種年齡後，接種卡介苗要不要另外付費? ,<br/>目前卡介苗屬於公費疫苗，大部分的嬰幼兒符合公費接種條件(請參見”幼兒公費常規疫苗接種適用對象參照表”，本署全球資訊網：首頁/預防接種/衛生專業人員工作指引/接種實務/接種實務)，因此延後卡介苗適合接種年齡，並不會讓符合公費接種條件的嬰幼兒額外負擔疫苗費用。但每位嬰幼兒的常規疫苗接種時間不盡相同，因此接種卡介苗的時間如果無法搭配其他常規疫苗，則家屬需要額外再到健兒門診1趟，可能就會增加看門診的掛號費(掛號費屬於醫療院所的行政費用)和部分負擔(不同層級醫療院所部分負擔不同)。<br/> <br/> <br/> <br/><br/><br/><br/><br/><br/>最後更新日期2019/4/15<br/><br/>,O
延後卡介苗適合接種年齡後，接種卡介苗需要額外攜帶什麼證件? ,<br/>無須額外攜帶證件，只要按照原本的方式攜帶嬰幼兒的健保卡及兒童健康手冊即可。<br/><br/><br/><br/><br/><br/>最後更新日期2019/2/21<br/><br/>,O
(民眾版)為何109年8月17日至8月31日全國醫療院所暫時停止卡介苗接種服務?,<br/>因應我國卡介苗疫苗轉換廠牌，為確保醫療院所提供較佳之接種服務，故於109年8月17日至8月31日全國均暫停卡介苗接種服務，以利接種單位完成疫苗配置作業，並加強接種人員訓練，以提供寶寶更專業之施打服務。<br/><br/><br/><br/><br/>最後更新日期2020/7/2<br/><br/>,O
(民眾版)為何將日本製卡介苗轉換為國產卡之卡介苗?,<br/>過去因國產卡介苗製程不及供應接種需求，為減少因疫苗短缺影響幼童健康權益，故於評估後採用日本製皮內注射型卡介苗，作為國產卡介苗短缺之替代方案。目前國產卡介苗已可穩定供貨，故自109年9月1日起，全面改提供國產卡介苗進行疫苗接種服務。<br/><br/><br/><br/><br/>最後更新日期2020/7/2<br/><br/>,O
(民眾版)國內卡介苗廠牌轉換後，其接種方式、保護效果及不良反應之風險，是否有所不同?,<br/>國產卡介苗接種方式、接種後之保護效果與不良反應之風險，均與日本製卡介苗相同。在轉換國產卡介苗後，亦持續進行疫苗接種不良反應主動監測作業。如寶寶因接種卡介苗後產生不良反應時，接種單位亦會依照疫苗不良反應處理原則，提供相關服務。<br/><br/><br/><br/><br/>最後更新日期2020/7/2<br/><br/>,O
(民眾版)如果我已於109年8月17日至8月31日期間，預約寶寶回診接種卡介苗，該如何處理呢?,<br/>卡介苗建議接種時程為出生滿5至8個月，因此，建議您可與院所聯繫，將接種時程延後至9月1日後再前往院所進行接種。如您欲前往結核病高發生地區(或出國需求)，因卡介苗原於出生後滿24小時即可進行接種，故建議您可提前於8月17日前，攜帶寶寶前往院所，向醫師說明欲提早接種之原因，經由醫師進行卡介苗接種前評估，如無接種禁忌，亦可提前完成接種作業。<br/><br/><br/><br/><br/>最後更新日期2020/7/2<br/><br/>,O
(民眾版)家長因經商關係需經常性帶著初生嬰幼兒往返中國、越南及東南亞等地區，這些國家多為出生24小時以後及早接種，那麼該如何為嬰幼兒選擇接種時間?,<br/>東亞及東南亞地區除了日本及新加坡以外，其他國家的結核病發生率均高於我國，且這些國家的卡介苗接種時間多為出生24小時後及早接種。因此，為維護嬰幼兒健康並符合經常性停留國家之卡介苗政策，此類幼童若無接種卡介苗之禁忌症(例如：免疫機能不全等)，家屬可考慮及時接種卡介苗，提供寶寶足夠的抵抗力。<br/><br/><br/><br/><br/>最後更新日期2020/7/2<br/><br/>,O
(接種人員版)何時將卡介苗轉換為國產(疾病管制署委託國家衛生研究院製作)疫苗?,<br/>自109年9月1日起，全面改提供國產卡介苗進行疫苗接種服務。<br/><br/><br/><br/><br/>最後更新日期2020/7/2<br/><br/>,O
(接種人員版)國產卡介苗和過去提供之日本製皮內注射型卡介苗主要差異為何?,<br/>國產卡介苗與日本製卡介苗最重要之差異有三項，說明如下：<br/>1.單次接種劑量不同：日本製卡介苗依年齡層分為未滿1歲嬰兒之接種劑量0.05mL懸浮液/次；1歲(含)以上接種劑量為0.1mL懸浮液/次。而國產卡介苗不分年齡層，接種劑量均為0.1mL懸浮液/次。<br/>2.卡介苗稀釋液抽取量不同：日本製卡介苗配有專用稀釋液，抽完瓶內1毫升(mL)稀釋液，全部注入卡介苗安瓿內搖勻。而國產卡介苗配有之專用稀釋液(20mL)，僅需以空針抽取3毫升(mL)稀釋液，分二次注入卡介苗安瓿內搖勻稀釋，剩餘稀釋丟棄不用。<br/>3.稀釋後懸浮液儲存時限：日本製卡介苗稀釋後超過6小時未用完，需丟棄；國產卡介苗稀釋後2小時未用完，需丟棄。<br/>因此，接種之接種人員請特別注意前述三項重點，以避免接種錯誤。<br/>所有差異處詳見附表1，詳細內容請參閱國產卡介苗仿單。<br/><br/><br/>附件<br/><br/>國產皮內注射型卡介苗與日本製皮內注射型卡介苗相異比較表.pdf<br/><br/><br/><br/><br/><br/><br/><br/>最後更新日期2020/7/7<br/><br/>,O
(接種人員版)為何109年8月17日至8月31日全國醫療院所暫時停止卡介苗接種服務?,<br/>有鑑於國產卡介苗與日本製卡介苗，二者稀釋方式及施打劑量有所不同，為避免轉換期間新舊疫苗併存時，發生接種誤失，故109年8月17日至8月31日全國均暫停卡介苗接種服務，以利接種單位加強接種人員教育訓練，並確實完成疫苗轉換之各項前置準備作業。<br/><br/><br/><br/><br/>最後更新日期2020/7/2<br/><br/>,O
(接種人員版)回收日本製卡介苗之作業程序，有哪些注意事項呢?,<br/>請卡介苗接種醫療單位將庫存之日本製卡介苗，依冷運冷藏規範之方式，繳回轄區衛生局疫苗管理人員，並於全國性預防接種資訊管理系統(NIIS)，將庫存繳回數量撥出至轄區衛生局。<br/><br/><br/><br/><br/>最後更新日期2020/7/2<br/><br/>,O
(接種人員版)如果已預約寶寶於暫停接種期間回診接種卡介苗，該如何處理?,<br/>請卡介苗接種單位，於109年7月1日前，運用海報、網站或電話語音等各類管道，公告/周知民眾於109年8月17日至8月31日暫停卡介苗接種服務，並確認掛號櫃台或疫苗注射室等預約人員已知卡介苗暫停接種期間，以避免民眾於暫停接種期間前往醫院。<br/>針對先前已完成卡介苗接種預約者，請透過電話方式，通知已預約之民眾。因卡介苗原於出生後24小時即可進行接種，故有至高風險地區者之嬰幼兒，建議提前於8月17日前進行接種，預約時間需有彈性。對於尚未預約施打卡介苗之嬰幼兒，則應避開暫停接種時間，將預約接種日期延後或提前。<br/><br/><br/><br/><br/>最後更新日期2020/7/2<br/><br/>,O
(接種人員版)暫停接種卡介苗疫苗期間，如民眾反映急需完成卡介苗疫苗接種，該如何處理?,<br/>卡介苗建議接種時程原則為出生滿5至8個月後接種，因此，可與民眾說明請其延後至9月1日再前往院所進行接種即可。因卡介苗原於出生後滿24小時即可進行接種，故有至高風險地區者之嬰幼兒，建議提前於8月17日前進行接種，預約時間需有彈性，提前攜帶寶寶前往院所時，請家屬向醫師說明欲提早接種之原因，經由醫師進行卡介苗接種前評估，如無接種禁忌，亦可提前完成接種作業。<br/><br/><br/><br/><br/>最後更新日期2020/7/2<br/><br/>,O
(接種人員版)當新生兒/嬰兒有結核病暴露史，若尚未接種卡介苗該何時接種?,"<br/><br/>	有結核病暴露史者，應優先進行接觸者檢查及使用結核菌素皮膚測驗(TST)進行潛伏結核感染評估。<br/>	新生兒（出生１個月內）之接觸者檢查結果若排除結核病者，應於完成潛伏結核染治療後，進行結核菌素皮膚測驗(TST)，如TST檢查結果為陰性(<5mm)時，請即早接種卡介苗。<br/>	出生１個月以上之嬰兒之接觸者檢查結果，若排除結核病且TST結果為陰性(<5mm)者，請即早接種卡介苗。若排除結核病但TST結果為陽性(>5mm)者，則無須接種卡介苗，惟仍需經醫師評估是否需進行潛伏結核感染治療。<br/><br/><br/><br/><br/>附件<br/><br/>流程圖.pdf<br/><br/><br/><br/><br/><br/><br/><br/>最後更新日期2020/8/13<br/><br/>",O
(接種人員版)目前國產卡介苗所配賦之稀釋液（信東生理食鹽水），如有毀損或染污時該如何處理?,<br/>由於日本製卡介苗與原廠稀釋液為1對1之套裝組合，若損壞其中1個，即為損壞1套，則須依疾病管制署制訂之「公費疫苗毀損賠償等級」規範，評估是否需進行疫苗賠償事宜。而國產卡介苗配發之稀釋液為信東生理食鹽水，係經卡介苗製成之原廠重新檢驗符合相關規範，故請妥善使用原廠配賦之稀釋液。如不慎毀損或染污時，建議購買相同廠牌之生理食鹽水作為稀釋液使用。<br/><br/><br/><br/><br/>最後更新日期2020/7/2<br/><br/>,O
(接種人員版)國產卡介苗稀釋後之效期僅2小時，該注意哪些事項?,<br/>由於國產卡介苗稀釋後之效期為2小時，又該疫苗一瓶可接種人數為30人次，建議可檢視現行嬰幼兒於門診接受醫師評估，及後續卡介苗接種時段等作業流程進行調整，儘可能將接種者集中安排於稀釋後2小時內完成接種，如超過稀釋安全時限，仍應遵守仿單建議執行。<br/><br/><br/><br/><br/>最後更新日期2020/7/2<br/><br/>,O
(接種人員版)進行國產卡介苗稀釋準備作業時，如發現異常該如何處理?,<br/>如接種人員於執行國產卡介苗稀釋前置準備過程，發現疑似疫苗異常，請依下述方式執行：<br/>1.   未開封疫苗或稀釋液若發現有異常時<br/>(1)   照相並記錄相關資訊。<br/>(2)   立即加以標示並放回冰箱保存。<br/>(3)   通知所屬衛生局公費疫苗負責人員，協助向疾病管制署進行通報。<br/>(4)   等候相關單位通知後續處置作為。<br/>2.   已開封疫苗或稀釋液若發現異常時<br/>(1)   照相並記錄相關資訊。<br/>(2)   先以滅菌膠紙（或OPsite防水固定膜）包覆安瓿裂口。<br/>(3)   再使用膠帶於管口處多層纏繞。<br/>(4)   放入夾鏈袋，將空氣排出後封好袋口。<br/>(5)   將安瓿直立放置架上固定，避免傾倒，並保存於冰箱。<br/>(6)   通知所屬衛生局公費疫苗負責人員，協助向疾病管制署進行通報，視個案情形處理。<br/><br/><br/><br/><br/>最後更新日期2020/7/2<br/><br/>,O
(接種人員版)如發生接種疫苗時發生疫苗種類/劑量錯誤、稀釋液使用錯誤、重複接種等接種異常事件，該如何處理?,,X
(接種人員版)何處可以獲得有關卡介苗之相關訊息?,<br/>有關卡介苗相關資訊，您可前往疾病管制署網站以下網頁進行查閱<br/>1.   首頁/預防接種/疫苗資訊/疫苗區Q&A/卡介苗Q&A/109年轉換國產卡介苗作業問答集<br/>2.   首頁/預防接種/疫苗簡介/公費疫苗/卡介苗(BacillusCalmette-Guérinvaccine,O
什麼是牛結核病(Bovine tuberculosis)？,<br/>牛結核病是由牛結核菌(Mycobacteriumbovis)引起，常見動物宿主包括牛、羊、鹿及非人靈長類等，與結核分枝桿菌(M.tuberculosis)同為引起人類結核病的病原菌之一。牛結核菌引起之結核病，可能影響肺部、淋巴結等其他部位，但並非所有感染牛結核菌的人都會發病，感染但未發病的人稱為潛伏結核感染（latenttuberculosisinfection,O
牛結核病的傳染途徑？,<br/>人類常因食入受污染或未經殺菌的乳製品或肉類而感染，或經由吸入飛沫、直接傷口接觸傳播病原菌而感染；人與人之間傳播情形極少，僅為偶發案例。<br/><br/><br/><br/><br/>最後更新日期2021/5/14<br/><br/>,O
感染牛結核菌發病的常見症狀？,<br/>人類感染牛結核菌後若發展為結核病，其臨床症狀與感染結核分枝桿菌發病相似，可能出現發燒、體重減輕及夜間盜汗等症狀，其他症狀因病灶部位而異，例如：若食用未經巴斯德殺菌法處理的乳製品而感染發病，常以腸炎來表現；如果發生在肺部，可能有咳嗽等症狀。<br/><br/><br/><br/><br/>最後更新日期2021/5/14<br/><br/>,O
如何診斷牛結核菌感染及牛結核病？,<br/>檢測感染的工具包括：皮膚結核菌素測驗(Tuberculinskintest)或丙型干擾素釋放試驗(Interferon-gammareleaseassay)，但無法區分為結核分枝桿菌或牛結核菌感染，一旦感染者發病，需進行胸部X光、驗痰等檢查，並透過培養和後續菌種分子生物鑑定才能確認是否為牛結核菌感染。<br/><br/><br/><br/><br/>最後更新日期2021/5/14<br/><br/>,O
感染牛結核菌後發病需要治療多久？,<br/>牛結核病的治療與一般結核病相似，但由於牛結核菌對於抗結核菌藥物Pyrazinamide(PZA)有抗藥性，可能影響原本治療處方的效果，因此，治療期程需延長至9個月。如果長時間接觸感染牛結核菌的動物宿主者，出現疑似結核病症狀或被通報為結核病時，應將相關動物接觸史告訴醫護人員，以利醫師及早送驗分子快篩，提早診斷及判斷是否有抗藥性存在，並採取適當的治療措施。<br/><br/><br/><br/><br/>最後更新日期2021/5/14<br/><br/>,O
如何降低牛結核菌感染的可能性？,<br/>避免直接飲用未經巴斯德消毒，自製的乳製品(牛、羊、鹿等乳品)、肉類等，以降低暴露病原菌的風險；長時間暴露於可能感染牛結核菌的動物者有較高感染風險，例如：畜牧從業人員、屠宰場工作人員等，應配戴適當的呼吸防護用具(請參考空氣傳染防護措施)。<br/><br/><br/><br/><br/>最後更新日期2021/5/14<br/><br/>,O
什麼人容易罹患牛結核病？,<br/>職業為畜牧場人員、曾與牛結核病個案接觸過的人、曾經累積3個月以上牛、鹿、羊等偶蹄溫血動物之接觸史者，若出現疑似結核病症狀如咳嗽超過2週、發燒、體重減輕及夜間盜汗等時，應將相關接觸史告知醫師，以利醫師及早送驗分子快篩，提早診斷，並採取適當的治療。<br/><br/><br/><br/><br/>最後更新日期2021/5/14<br/><br/>,O
為何建議動物感染牛結核菌的畜牧場工作人員做胸部X光檢查？,<br/>胸部X光檢查是最基本的影像學檢查，可瞭解是否有肺部病灶，並評估人與人之間傳播的可能性。<br/><br/><br/><br/><br/>最後更新日期2021/5/14<br/><br/>,O
感染牛結核病高風險對象的衛生單位後續追蹤流程,<br/>一旦畜牧場或屠宰場發現牛結核動物，農委會防檢局將通知疾管署，並轉由衛生局提供該畜牧場或屠宰場接觸人員相關衛教，建議其接受胸部X光檢查，並進行後續監測。當有接觸史人員通報結核病時，衛生局即能掌握個案，並即時送驗痰液，進行分子快速抗藥性測試，以利臨床醫師及早診斷，給予適當治療處方；如細菌學檢查結果為結核菌群時，亦將協助進行菌株鑑定，確認是否為感染牛結核菌。因此，請配合衛生單位進行相關檢查，以利及早診斷與治療。<br/><br/><br/><br/><br/>最後更新日期2021/5/14<br/><br/>,O
什麼是「衛生福利部愛滋病防治及感染者權益保障會」?,<br/>係依據「人類免疫缺乏病毒傳染防治及感染者權益保障條例」第5條規定設置。召集人由衛生福利部部長兼任，委員組成包含：各相關專業領域學者專家、感染者權益促進團體及民間機構代表，以及內政部、外交部、國防部、教育部、法務部、經濟部、交通部、勞動部、行政院大陸委員會、行政院農業委員會、原住民族委員會等相關部會。保障會下設四個工作小組「政策組」、「權益保障組」、「衛生教育組」及「臨床檢驗組」。<br/><br/><br/><br/><br/>最後更新日期2019/8/13<br/><br/>,O
「人類免疫缺乏病毒傳染防治及感染者權益保障條例」之修正歷程為何？,<br/>「後天免疫缺乏症候群防治條例」自1990年12月17日公布施行，其後歷經8次修正，且於2007年修正名稱為「人類免疫缺乏病毒傳染防治及感染者權益保障條例」。<br/><br/><br/><br/><br/>最後更新日期2021/3/6<br/><br/>,O
愛滋感染者就醫時未告知其已感染愛滋病毒時，哪些狀況可以免除罰則?,<br/>2016年愛滋條例修法後，已免除當感染者因傷勢處於昏迷、意識不清或身處隱私未受保障之環境而未能告知病情時之罰則。<br/><br/><br/><br/><br/>最後更新日期2021/3/6<br/><br/>,O
請問愛滋感染者可以捐贈器官給感染者嗎？,<br/>2016年已鬆綁愛滋感染者互捐器官規定，從原本完全禁止愛滋感染者捐贈器官，調整成允許符合一定臨床條件且健康狀況穩定之愛滋感染者得捐贈器官予其他愛滋感染者使用。<br/><br/><br/><br/><br/>最後更新日期2021/3/6<br/><br/>,O
開放陽性器官捐贈後，愛滋感染者只能等候愛滋感染者的器官嗎？,<br/>只要符合登記等候屍體器官捐贈條件的感染者，都可以跟所有人一同排隊等候器官。但一旦出現愛滋感染者捐贈器官時，則只限使用於愛滋感染者。<br/><br/><br/><br/><br/>最後更新日期2019/8/13<br/><br/>,O
107年修法以後，所有的愛滋感染者都可以捐贈器官嗎？,"<br/>需要是已通報、穩定就醫且健康狀況良好的愛滋感染者才可以捐贈器官給愛滋感染者。條件如下：<br/><br/>	已列為疾管署通報個案。<br/>	遵循醫囑並穩定接受雞尾酒療法(HAART)，且最近6個月內病毒量<50copies/mL。<br/>	無未受控制、潛在致命的伺機性感染或腫瘤。<br/>	日後仍有抗逆轉錄病毒之治療選擇。<br/><br/><br/><br/><br/><br/><br/>最後更新日期2019/8/13<br/><br/>",O
有其他傳染病病人間，可以互相捐贈器官的例子嗎？,<br/>有的。與愛滋病毒同為血液傳染疾病的B、C型肝炎病毒，只要帶原者器官功能良好，也可以捐贈器官給B、C型肝炎病毒帶原的等候者。這樣能使國內器官來源更廣更有彈性，達到「互惠共好、利他利己」的公益價值。<br/><br/><br/><br/><br/>最後更新日期2019/8/13<br/><br/>,O
執行陽性器官移植手術的醫護人員有沒有被感染的風險？有降低風險的配套措施嗎？,<br/>醫事人員只要落實「標準防護措施」，就幾乎能避免受潛在的感染病原感染。且依規定之條件，受贈者及捐贈者之病毒量都必須符合<50copies/mL的條件，因此執行捐贈移植手術而受到感染的機率非常低。就算不慎於手術過程暴露到血體液時，也可以評估接受暴露後預防性投藥。截至目前，我國尚未有因職業暴露而感染的案例。<br/><br/><br/><br/><br/>最後更新日期2019/8/13<br/><br/>,O
醫事人員因醫療之必要性或急迫性，得採集檢體進行人類免疫缺乏病毒感染檢測，無需受檢查人或其法定代理人同意之理由為何？,"<br/>基於考量醫療業務之需，說明如下：<br/><br/>	如執行業務人員因執行業務而暴露血液或體液，預防性投藥要愈早愈好；或如病患病情危急須立即進行病因研判及治療；或為爭取疑似感染之新生兒於出生後6至12小時內投予預防性用藥，權衡受暴露者或病危者之生命權應予以優先考量，因此增訂在有醫療之必要性或急迫性前提下，無需受檢查人或其法定代理人同意，即得採集檢體進行愛滋病毒感染檢測。<br/>	當執行本條文之規定時，醫事人員仍應善盡告知責任，向受檢查人說明採集檢體之目的，落實篩檢前後諮詢，儘量取得其同意，且檢驗結果僅供醫師參考，醫事人員依法不得洩漏，以保障受檢查人之隱私權。<br/>	若執行可能發生扎傷及血液、體液暴觸或其他可能意外暴露之業務(例如：外科手術)，但尚未實際發生暴露事件時，並不適用本條文之規定。<br/><br/><br/><br/><br/><br/><br/>最後更新日期2019/8/13<br/><br/>",O
醫事人員進行愛滋病毒檢驗，是否須經當事人同意及諮詢程序？,<br/>依據「人類免疫缺乏病毒傳染防治及感染者權益保障條例」第15條第4項規定，醫事人員除因第11條第1項之特殊規定外(採集血液供他人輸用、製造血液製劑及施行器官、組織、體液或細胞移植)，應經當事人同意及諮詢程序，始得抽取當事人血液進行人類免疫缺乏病毒檢查。但有第15-1條規定情形，則可免取得當事人同意，或有未成年之青少年於發生危險性行為後，主動尋求匿名篩檢時，醫事人員因醫療之必要性或急迫性，未成年人未能取得法定代理人之即時同意，經本人同意，醫事人員得採集檢體進行人類免疫缺乏病毒感染檢測。<br/><br/><br/><br/><br/>最後更新日期2021/3/6<br/><br/>,O
醫事人員什麼情況可以不經當事人同意及諮詢程序，進行愛滋病毒檢驗？,<br/>依據「人類免疫缺乏病毒傳染防治及感染者權益保障條例」第15條第4項規定，醫事人員除因第11條第1項之特殊規定外(採集血液供他人輸用、製造血液製劑及施行器官、組織、體液或細胞移植)，應經當事人同意及諮詢程序，始得抽取當事人血液進行人類免疫缺乏病毒檢查。但有第15-1條規定情形，則可免取得當事人同意，或有未成年之青少年於發生危險性行為後，主動尋求匿名篩檢時，醫事人員因醫療之必要性或急迫性，未成年人未能取得法定代理人之即時同意，經本人同意，醫事人員得採集檢體進行人類免疫缺乏病毒感染檢測。<br/><br/><br/><br/><br/>最後更新日期2021/3/6<br/><br/>,O
醫療院所是否可以在取得民眾同意後，將愛滋病毒檢查結果告知雇主及學校？,"<br/><br/>	不可以。雇主依法只能取得「勞工健康保護規則」所定之項目，並不包含愛滋病毒檢查項目。<br/>	依據「就業服務法」第5條第2項第2款規定，禁止雇主「要求」求職人或所僱用員工提供非屬就業所需之隱私資料，此處之隱私資料即包含愛滋病毒等無關就業之體檢結果。因此，非屬於職業安全衛生法規定之檢查項目，除非其他法律另有規範，否則雇主不得強制勞工接受該檢測或繳交結果報告。<br/><br/><br/><br/><br/><br/><br/>最後更新日期2019/8/13<br/><br/>",O
牙醫師考量診療愛滋感染者後，患者可能有出血情況(例如洗牙、補牙)，可以將不緊急的患者轉診至愛滋病指定醫事機構嗎?,"<br/><br/>	牙科照護大多伴隨著患者程度不一的出血情況，因此牙科需要特別注意防範機構內發生感染，因為患者並不一定知道自己是不是愛滋感染者或是否正感染其他血液傳染病，只能透過落實「牙科感染管制措施指引」，才能真正有效避免患者的血液傳染病傳染風險。<br/>	愛滋病指定醫事機構是為了提供愛滋感染者有關治療愛滋病毒的照護而指定，並非愛滋感染者都必須去愛滋病指定醫事機構才能看診。愛滋感染者有治療愛滋病毒以外的照護需求，像是定期的牙齒檢查，還是能到一般的診所就診。<br/>	因此，牙科診所可以提供愛滋感染者一般的牙科服務，並不需要將愛滋感染者都轉診至指定機構，倘若有僅依其為愛滋感染者為理由，就拒絕服務逕予轉診的情況，仍有違反「人類免疫缺乏病毒傳染防治及感染者權益保障條例」第4條之可能。<br/><br/><br/><br/><br/><br/><br/>最後更新日期2019/8/13<br/><br/>",O
公司負責人可否於新進或一般員工之體檢項目中，增列愛滋病毒檢查項目？,"<br/>可於福利型體檢時增列愛滋病毒檢查項目於「自主選擇」項目，由員工同意10後檢查，但結果只能提供當事人。<br/><br/>	依據「就業服務法」第5條第2項第2款規定，雇主不得要求員工繳交愛滋病毒檢驗報告。<br/>	疾管署鼓勵曾有不安全性行為(性行為時未全程正確使用保險套)的民眾定期接受愛滋病毒篩檢，但醫療機構不得逕將檢驗結果通知雇主、學校或其他無關之單位或人員，以保障民眾權益及隱私。<br/><br/><br/><br/><br/><br/><br/>最後更新日期2019/8/13<br/><br/>",O
有必要接受愛滋病毒檢查之對象，包括哪些類別？,"<br/>依據「人類免疫缺乏病毒傳染防治及感染者權益保障條例」第15條第1項第5款規定，有接受愛滋病毒檢查之必要對象共有8項，包括：<br/><br/>	意圖營利與人為性交或猥褻之行為者及相對人(即性交易相對人或從事性交易者)。<br/>	毒品施打、吸食或販賣者。<br/>	查獲三人以上有吸食毒品之藥物濫用性派對參加者。<br/>	性病患者。<br/>	矯正機關收容人。<br/>	役男。<br/>	義務役預備軍官及預備士官、常備兵。<br/>	嬰兒其生母查無孕期人類免疫缺乏病毒檢查報告或診治醫師認為有檢查必要者。<br/><br/><br/><br/><br/><br/><br/>最後更新日期2019/8/13<br/><br/>",O
移除非本國籍人類免疫缺乏病毒感染者之入境及停留、居留限制之理由為何？,<br/>由於愛滋醫療的進步，國際趨勢已將愛滋病毒感染視為慢性病，且愛滋病毒的傳染途徑特定，與個人之危險行為相關，因此不應以愛滋病毒感染為唯一理由，對非本國籍感染者入境及停留、居留進行管制。依此聯合國強烈譴責對感染者入境及停留、居留之管制之規定，依據聯合國愛滋病規劃署(UNAIDS)統計，2015年9月前對感染者入境及停留、居留之管制調查，全球共計142個國家/地區無相關限制(http://www.unaids.org/en/keywords/travel-restrictions)，35個國家/地區有某些限制。近幾年來，美國、南韓及中國大陸等均已移除相關限制。故我國於2015年2月4日亦已刪除相關限制之法令。此外，各國愛滋疫情與限制感染者入境管制無關。<br/><br/><br/><br/><br/>最後更新日期2019/8/13<br/><br/>,O
知道自己是愛滋病毒感染者，但隱瞞他人而且進行危險性行為，是否違法？,<br/>是的。人類免疫缺乏病毒傳染防治及感染者權益保障條例」第21條規定，明知自己為感染者，隱瞞而與他人進行危險性行為或有共用針具、稀釋液或容器等之施打行為，致傳染於人者，處五年以上，十二年以下有期徒刑。<br/><br/><br/><br/><br/>最後更新日期2019/8/13<br/><br/>,O
我朋友已感染愛滋病毒，如果他在就學、就業、就醫、安養或居住方面，有受到不公平待遇或歧視，請問應該怎麼辦？,"<br/>愛滋病毒感染者如果遭受各項不公平待遇或歧視，可以依據「人類免疫缺乏病毒感染者權益保障辦法」第7條規定，於事實發生日起1年內提出申訴，流程如下(申訴流程圖請參考[圖一])：<br/><br/>	如果感染者於就學或就業方面遭受不公平待遇或歧視，請先向原機關(構)、學校或團體負責人(雇主)提出申訴。如對於前項申訴處理有延遲或對處理結果不服，則可向直轄市、縣(市)政府提出申訴(各直轄市、縣(市)政府衛生局電話及地址請參考[表一])。如對於直轄市、縣(市)政府處理結果不服者，得向衛生福利部提出申訴(衛生福利部疾病管制署電話及地址請參考[表二])。<br/>	如果感染者於就醫、安養或居住方面遭受不公平待遇或歧視，請直接向直轄市、縣(市)政府提出申訴。如對於直轄市、縣(市)政府處理結果不服者，得向衛生福利部提出申訴。<br/><br/>　　申訴原則上建議以書面方式提出，有特殊情況以口頭方式提出者，受理機關(構)應作成紀錄，經申訴人確認無誤後由其簽名或蓋章。申訴人亦可委託機關(構)、團體或第三人代為提出申訴(民間團體電話及地址請參考[表三])。<br/>　　如果感染者所遭受之不公平待遇或歧視同時違反其他法律規定，或者是認為政府機關之行政處分違法或不當，建議同時向權責機關提出陳情或訴願，以免耽誤時效。<br/> <br/><br/><br/>附件<br/><br/>申訴流程圖、各直轄市、縣(市)政府衛生局電話及地址、民間團體電話及地址.pdf<br/><br/><br/><br/><br/><br/><br/><br/>最後更新日期2019/8/13<br/><br/>",O
感染愛滋病毒之廚師，是否可以從事相關行業？,<br/>可以。由於愛滋病毒有特定傳染途徑，一般日常生活、共同工作並無傳染他人或造成其他公共危害之虞，依據「人類免疫缺乏病毒傳染防治及感染者權益保障條例」第4條第1項規定，不得給予感染者不公平待遇或歧視，以保障其就業之合法權益。而有關工作場所受傷，如廚師之刀傷、燙傷，均屬職業安全之範疇，應依職業安全規定辦理，且協助處理受傷流血者，必須配戴手套，以避免感染。<br/><br/><br/><br/><br/>最後更新日期2019/8/13<br/><br/>,O
某長期照護中心擔心造成其他住民感染，是否可以於入住契約中載明拒收愛滋病毒感染者？,<br/>不可以。由於一般日常生活並無傳染愛滋病毒給其他人之風險，且依據「人類免疫缺乏病毒感染者權益保障辦法」第6條第2項規定：「…社會福利或護理機構不得以其為感染者為唯一理由，拒絕提供服務。」，因此長期照護中心不得拒收愛滋病毒感染者。<br/><br/><br/><br/><br/>最後更新日期2019/8/13<br/><br/>,O
哪些人可以領有「全國醫療服務卡」？,<br/>依據「人類免疫缺乏病毒感染者治療費用補助辦法」規定，通報愛滋病毒感染且符合以下資格之一的人，可領全國醫療服務卡：<br/>1.有戶籍國民。<br/>2.「人類免疫缺乏病毒傳染防治及感染者權益保障條例」於2015年2月6日修正生效前，核准申覆之下列三類人員：<br/>(1)受我國籍配偶感染之外籍(含大陸地區、香港、澳門)配偶。<br/>(2)於我國醫療過程中感染之外籍(含大陸地區、香港、澳門)配偶。<br/>(3)在臺灣地區合法居留之我國無戶籍國民。<br/>3.在臺灣地區合法居留之下列三類人員：<br/>(1)外籍(含大陸地區、香港、澳門)配偶。<br/>(2)泰緬專案及滯臺藏族人士。<br/>(3)於我國醫療過程中感染之外籍(含大陸地區、香港、澳門)人士。<br/> <br/><br/><br/><br/><br/>最後更新日期2021/3/6<br/><br/>,O
愛滋感染者持有「全國醫療服務卡」後可享有醫療費用補助，那是否所有醫療費用均由政府支應？,<br/>愛滋感染者醫療費用僅限於愛滋開始服藥二年內由疾管署公費支應，開始服藥二年後之醫療費用，則由健保給付。而公務預算的支付基準均爰用全民健康保險相關規範，所以有關掛號費、膳食費、病房差價、診斷書，以及自費的項目等，均不屬於醫療費用，是沒有補助的。另外，不是因愛滋病就醫的疾病，則與一般民眾一樣，必須以健保卡就診，民眾需自付部分負擔。<br/><br/><br/><br/><br/>最後更新日期2019/8/13<br/><br/>,O
有關106年2月4日開始愛滋感染者自確診開始服藥二年後之醫療費用回歸健保給付，有其他參考資料嗎？,<br/>民眾可前往本署全球資訊網https://www.cdc.gov.tw之首頁/傳染病與防疫專題/傳染病介紹/第三類法定傳染病/人類免疫缺乏病毒感染/治療照護項下之愛滋感染者自確診開始服藥二年後之醫療費用回歸健保給付案問答集(民眾篇)下載。<br/><br/><br/><br/><br/>最後更新日期2019/8/13<br/><br/>,O
愛滋醫療費用於感染者服藥二年後回歸健保給付之理由為何？,<br/>在良好的追蹤及治療下，愛滋感染已可控制如其他慢性疾病，與高血壓、糖尿病等常見疾病相同。基於疾病平權平責，醫療照護不應依疾病別而給予特殊化待遇，因此愛滋治療納入健保，有助於感染者的去標籤化、去汙名化。<br/><br/><br/><br/><br/>最後更新日期2019/8/13<br/><br/>,O
愛滋感染者若因其他因素(如盲腸炎開刀)而住院，其部分負擔是否應自行支付？,<br/>若感染者當次住院之診斷為其他醫療問題，非愛滋病相關因素(如伺機性感染等)，本署不支付部分負擔，相關醫療費用及部分負擔依健保相關規定辦理。<br/><br/><br/><br/><br/>最後更新日期2019/8/13<br/><br/>,O
外國人的愛滋治療費用由誰支付？,<br/>1.依據「人類免疫缺乏病毒及感染者權益保障條例」第16條規定，自2017年2月4日起，感染者確診通報後，開始服藥2年內之醫療費用由疾管署支付，2年後則由健保給付。<br/>2.非本國籍感染者醫療費用之支付說明如下：<br/>(1)服藥2年內的非本國籍感染者，依「人類免疫缺乏病毒感染者治療費用補助辦法」第3條，符合下列資格之合法居留者，由疾管署補助其治療費用，未符合者則需自行負擔：<br/>a.外籍（含大陸地區、香港、澳門）配偶。<br/>b.泰緬專案及滯臺藏族人士。<br/>c.於我國醫療過程中感染之外籍人士。<br/>(2)服藥2年後之非本國籍感染者，若符合「全民健康保險法」第9條規定，具有健保身分者，由健保給付。<br/> <br/><br/><br/><br/><br/>最後更新日期2021/3/6<br/><br/>,O
外國人是否只要在台灣服藥滿2年就可以由健保給付？,<br/>1.外籍人士受聘在台工作，或因就學等因素申請在台居留，並合法居留六個月以上，才能享有健保；外籍人士愛滋感染者確診後應自費在國內開始服藥2年後，具健保身分者，其醫療費用由健保以慢性病照護模式給付。<br/>2.事實上，外籍感染者來台免費治療愛滋，必須通過5道關卡，包括：<br/>　(1)受聘在台工作，或獲得合法居留身分。<br/>　(2)取得居留證明文件需居留滿6個月。<br/>　(3)愛滋感染被通報列管。<br/>　(4)開始治療的前2年自付藥費，一年約20萬元。<br/>　(5)在台有就醫治療紀錄等，才能獲得健保給付。<br/>3.依「全民健康保險法」第1條規定，全民健保為強制性之社會保險，於保險對象在保險有效期間，發生疾病、傷害、生育事故時，依健保法規定給付。外籍人士除非是受聘來台工作，否則需領有居留證明文件且在台居留滿六個月，才能享有健保。若申請居留原因不存在，自然不能參加全民健保。<br/> <br/><br/><br/><br/><br/>最後更新日期2019/8/13<br/><br/>,O
外籍愛滋感染者在台灣如何自費就醫治療？一年又需要多少錢？,"<br/><br/>	外籍人士若感染愛滋，須先經愛滋病指定醫院確診(或提供母國確診之證明文件)，並通報衛生主管機關，若具健保身分，於台灣開始自費服用愛滋治療藥物滿2年後，愛滋醫療費用由健保給付。<br/>	由於非屬疾管署補助對象之外籍人士在台治療愛滋之費用，前2年之醫療費用不提供補助，每年治療費用約為新台幣20萬元，建議於來台前先於母國接受愛滋檢驗，了解自身健康狀況，並在母國開始治療。欲來台工作者，請先行購買醫療保險，以免造成個人財務負擔。<br/>	外籍人士來台後，可自行至醫院進行愛滋檢驗，了解自身感染狀況，傳染病諮詢電話為0800-001922(亦可直撥1922)。<br/><br/><br/><br/><br/><br/><br/>最後更新日期2021/3/6<br/><br/>",O
目前已有很多外國籍愛滋感染者已納入健保給付？,"<br/><br/>	外籍人士受聘在台工作，或因就學等因素申請在台居留，並合法居留六個月以上，才能享有健保；外籍愛滋感染者確診後應自費在國內開始服藥，服藥2年後，具健保身分者，其醫療費用才由健保以慢性病照護模式給付。<br/>	依據疾管署2020年資料，外籍感染者多數已經離境，目前仍在國內且持續追蹤中之外籍感染者人數為392人，其中71人已自費服藥滿2年並具有健保身分。<br/><br/><br/><br/><br/><br/><br/>最後更新日期2021/3/6<br/><br/>",O
在台居留的外國人，如果發現愛滋感染，是否會強制遣返?,<br/>由於愛滋傳染途徑主要透過不安全性行為，一般工作生活之接觸，沒有傳染愛滋之虞，故因應世界衛生組織疾病控制及國際人權趨勢，已不予強制遣返出境。<br/><br/><br/><br/><br/>最後更新日期2019/8/13<br/><br/>,O
病毒性腸胃炎是一種嚴重的病嗎？ ,<br/>大部分得到病毒性腸胃炎的人通常可以完全恢復，不會有長期後遺症，不過對於因嘔吐或腹瀉流失體液及電解質而又無法補充的人，如嬰幼兒、年長者、免疫功能不良者及需要長期照護者，其體液的流失可能導致脫水及電解質不平衡，進而抽搐，甚至死亡，需要特別注意。<br/><br/><br/><br/><br/><br/>最後更新日期2018/12/12<br/><br/>,O
病毒性腸胃炎會傳染嗎？這些病毒是如何傳播？ ,<br/>病毒性腸胃炎是會傳染的，主要是透過糞口途徑傳播，如：食用受病毒汙染的食物或飲水、與病人密切接觸（例如：與病人分享食物、飲水、器皿；接觸到病人的嘔吐物、排泄物或病人曾接觸的物體表面）或吸入病人嘔吐物及排泄物所產生的飛沫等，皆可能受到感染。<br/><br/><br/><br/><br/><br/>最後更新日期2018/12/12<br/><br/>,O
食物如何被腸胃炎病毒所污染？ ,<br/>食物可經由帶有病毒性腸胃炎的食物準備者或處理者所污染，特別是那些如廁後沒有洗手的人。貝類也可能被污水污染，如果生食或食用未煮熟受污染的貝類(如牡蠣或蛤蜊等)，會導致腹瀉；飲用水如被污水污染，也能散播這些病毒。<br/><br/><br/><br/><br/><br/>最後更新日期2018/12/12<br/><br/>,O
什麼季節容易發生病毒性腸胃炎？,<br/>病毒性腸胃炎的發生普遍存在於世界各地，且每種病毒有其季節特性，例如，諾羅病毒、輪狀病毒及星狀病毒在一年當中較冷的月份發生（例如：11月~隔年3月），而腺病毒則一整年內都會發生。<br/><br/><br/><br/><br/><br/>最後更新日期2018/12/12<br/><br/>,O
什麼地方容易發生病毒性腸胃炎？ ,<br/>諾羅病毒的爆發流行好發於學校、醫院、軍營、收容及安養機構等人口密集機構，但也常發生在餐廳、大型遊輪、宿舍和露營地等地方。<br/><br/><br/><br/><br/><br/>最後更新日期2018/12/12<br/><br/>,O
誰會感染到病毒性腸胃炎？ ,<br/>任何人都可能感染，病毒性腸胃炎發生在各個年齡層和背景的人，不過，有些病毒傾向於在某些年齡層引起腹瀉。輪狀病毒是造成嬰兒和5歲以下幼童腹瀉最常見的原因，腺病毒、星狀病毒及沙波病毒亦好發於5歲以下的兒童；而諾羅病毒則是任何年齡層皆可能受到感染。<br/><br/><br/><br/><br/><br/>最後更新日期2018/12/12<br/><br/>,O
病毒性腸胃炎如何診斷？,<br/>通常醫師依據病患的症狀和身體檢查來診斷病毒性腸胃炎，輪狀病毒感染可依據糞便檢體檢驗結果來診斷，但一般醫療機構的實驗室並不常規檢驗其他病毒性腸胃炎。<br/><br/><br/><br/><br/><br/>最後更新日期2018/12/12<br/><br/>,O
感染病毒性腸胃炎期間有什麼需要注意的事項呢？ ,<br/>感染病毒性腸胃炎期間應注意補充水分與營養，必要時補充電解質。建議可透過少量多餐的方式食用清淡飲食，避免過油或高糖分的食物刺激腸道蠕動，加劇腹瀉的情況，但同時也必須注意營養的攝取，以幫助腸胃道細胞的修復。另外，須特別注意個人衛生，經常且正確地洗手，並避免接觸傳染，以防將病毒傳染給家人或朋友。<br/><br/><br/><br/><br/><br/>最後更新日期2018/12/12<br/><br/>,O
如何避免得到病毒性腸胃炎呢？ ,<br/>1.經常洗手可以降低感染的機會，飯前、便後及烹調食物前皆應以肥皂或洗手乳正確洗手。<br/><br/>2.應避免生食生飲，與他人共食應使用公筷母匙。<br/><br/>3.為預防疾病傳播，應澈底消毒被污染物體的表面、清洗被污染的衣物及床單、小心處理病患的糞便及嘔吐物，並避免食用可<br/><br/>  能被污染的食物或飲水<br/><br/><br/><br/><br/><br/>最後更新日期2018/12/12<br/><br/>,O
環境消毒用及嘔吐物與排泄物消毒用的漂白水應如何配製呢？,<br/>酒精性消毒劑對引起腸胃炎的病毒殺滅效果不佳，須使用較高濃度的稀釋漂白水。稀釋漂白水前應穿戴手套、口罩及防水圍裙，稀釋的漂白水應當天配製並標示日期名稱，未使用的部分在24小時後應丟棄。<br/><br/>1.準備物品：<br/><br/>(1)市售漂白水：含次氯酸鈉(sodiumhypochlorite)之濃度約為5到6%，即50,O
什麼是諾羅病毒（Norovirus）？ ,<br/>諾羅病毒以前稱為類諾瓦克病毒Norwalk-likevirus（NLVs），是一群可感染人類引起腸胃道發炎的病毒。<br/><br/><br/><br/><br/><br/>最後更新日期2018/12/12<br/><br/>,O
感染諾羅病毒的症狀有那些？ ,<br/>諾羅病毒感染引起之症狀主要為噁心、嘔吐、腹瀉及腹絞痛，也可能合併發燒、寒顫、倦怠、頭痛及肌肉酸痛。一般而言，年紀較小的幼童嘔吐症狀較明顯。症狀通常會持續1至2天，之後就會逐漸痊癒。<br/><br/><br/><br/><br/><br/>最後更新日期2018/12/12<br/><br/>,O
諾羅病毒之感染途徑為何？,"<br/><br/>	食入被諾羅病毒污染的食物或飲水。<br/>	接觸被諾羅病毒污染的物體表面，再碰觸自己的嘴、鼻或眼睛黏膜傳染。<br/>	諾羅病毒只需極少的病毒量便可傳播，因此與病人密切接觸或吸入病人嘔吐物及排泄物所產生的飛沫也可能受感染。<br/><br/><br/><br/><br/><br/><br/>最後更新日期2019/6/19<br/><br/>",O
諾羅病毒之好發年齡層為何？是一種嚴重的疾病嗎？ ,<br/>所有的年齡層皆有可能遭受感染，常見於學校、醫院、收容及安養等人口密集機構。大部分感染諾羅病毒的人可以完全恢復，不會有長期後遺症，不過對於那些因嘔吐或腹瀉流失體液及電解質而又無法補充的人，如嬰幼兒、年長者、免疫功能不良者及需要長期照護者，其體液的流失可能導致脫水及電解質不平衡，進而抽搐，甚至死亡，需要特別注意。<br/><br/><br/><br/><br/><br/>最後更新日期2018/12/12<br/><br/>,O
諾羅病毒患者是否具有傳染力？ ,<br/>諾羅病毒的傳染力非常強，可藉由排泄物或嘔吐物人傳人。有些人感染恢復後二星期內，其糞便內尚有病毒，仍然具有感染力。<br/><br/><br/><br/><br/><br/>最後更新日期2018/12/12<br/><br/>,O
感染諾羅病毒有什麼需要注意的事項呢？,<br/>感染諾羅病毒期間應注意補充水分與營養，必要時補充電解質。建議可透過少量多餐的方式食用清淡飲食，避免過油或高糖分的食物刺激腸道蠕動，加劇腹瀉的情況；但同時也必須注意營養的攝取，以幫助腸胃道細胞的修復。另外，須特別注意個人衛生，經常且正確地洗手，並避免接觸傳染，以防將病毒傳染給家人或朋友。<br/><br/><br/><br/><br/><br/>最後更新日期2018/12/12<br/><br/>,O
感染諾羅病毒後是否終生免疫？有疫苗可以預防感染嗎？ ,<br/>諾羅病毒因基因變異大而產生多種型別病毒株，單一次的感染並無法對其他型別之諾羅病毒產生完全的保護力，未來仍有遭受感染的可能。另外，諾羅病毒目前尚無疫苗可以施打。<br/><br/><br/><br/><br/><br/>最後更新日期2018/12/12<br/><br/>,O
如何避免感染諾羅病毒，有哪些日常生活注意事項呢？ ,"<br/><br/>	注意個人衛生，備餐前、進食前、如廁後及照顧病人後(包括為嬰幼兒或老年人更換尿布或處理排泄物之後)，皆應以肥皂或洗手乳正確洗手。<br/>	蔬果要清洗乾淨，避免生食生飲，尤其是貝類水產品應澈底煮熟再食用；與他人共食應使用公筷母匙。<br/>	為預防疾病傳播，受病患污染的衣物、床單應立即更換，並以漂白水消毒環境或器物表面；病患應於腹瀉或嘔吐症狀解除後2日再接觸健康的人或調理食物。<br/>	新生兒餵哺母奶可提高嬰幼兒的免疫力。<br/>	出入公共場所及清理消毒病患之排泄物或嘔吐物時，應戴口罩以避免飛沫傳染。<br/><br/><br/><br/><br/><br/><br/>最後更新日期2019/6/19<br/><br/>",O
環境消毒用及嘔吐物與排泄物消毒用的漂白水應如何配製呢？,<br/>酒精性消毒劑對引起腸胃炎的病毒殺滅效果不佳，須使用較高濃度的稀釋漂白水。稀釋漂白水前應穿戴手套、口罩及防水圍裙，稀釋的漂白水應當天配製並標示日期名稱，未使用的部分在24小時後應丟棄。<br/><br/>1.準備物品：<br/><br/>(1)市售漂白水：含次氯酸鈉(sodiumhypochlorite)之濃度約為5到6%，即50,O
NDM-1腸道菌感染症主要傳染途徑？ ,,X
什麼是NDM-1腸道菌感染症？ ,,X
感染後可能會有那些症狀？,<br/>症狀會隨著細菌種類、感染部位的不同，出現不同的症狀，常見的症狀為發燒。腸道菌感染以腹膜炎、泌尿道感染或手術傷口感染為主。<br/><br/><br/><br/><br/><br/>最後更新日期2018/12/17<br/><br/>,O
是否有藥物可以治療？,<br/>現有二類抗生素可以治療，一種是克痢黴素(Colistin)、另一種是老虎黴素(Tigecycline)，治療方式應遵照醫師指示，依處方開立的劑量及時間使用。<br/><br/><br/><br/><br/><br/>最後更新日期2018/12/17<br/><br/>,O
民眾應如何預防？ ,"<br/><br/>	正確使用抗生素。濫用或自行停止使用抗生素，都很容易引發細菌抗藥性，所以民眾請依醫師指示，依處方劑量及時間使用。<br/>	平時保持良好手部衛生習慣，用肥皂勤洗手，沒有必要盡量不要進出醫院。<br/>	曾經與國外接受侵入性醫療服務或傷口處理的民眾，回國後如有不適，應儘速就醫治療，並主動告知醫師相關旅遊史與醫療史。<br/><br/><br/><br/><br/><br/><br/>最後更新日期2019/6/3<br/><br/>",O
於中國大陸旅遊時，旅行者有何風險？ ,"<br/><br/>	攜帶NDM-1抗藥性基因的細菌主要透過手術或傷口處理等侵入性醫療處置過程，造成傷口部位感染或免疫力差的病人之感 染。一般健康的旅行者並不會經由飛沫途徑傳染。<br/>	目前國際間尚無任何國家發布相關旅遊警示，請民眾不需擔憂。<br/>	赴中國大陸的旅行者，若未於當地醫院接受治療，感染的風險是極低的。<br/><br/><br/><br/><br/><br/><br/>最後更新日期2019/6/3<br/><br/>",O
有醫療需求之國人，進出兩岸應如何預防？ ,"<br/><br/>	如果國人正要參加手術醫療旅遊，或旅遊時因健康情形不佳，需要就醫治療時，應瞭解醫院是否有採取合宜的感染控制措施，例如醫護人員於接觸病人前是否確實清潔雙手。<br/>	民眾若曾在中國大陸接受手術、侵入性醫療服務或傷口處理，回國後如有不適，應儘速就醫治療，並主動告知醫師相關旅遊史與醫療史。<br/>	正確使用抗生素，確實遵照醫師指示，依處方劑量及時間使用。未經醫師處方自行購買抗生素服用或自行停止使用抗生素，都很容易引發細菌抗藥性。<br/>	平時保持良好手部衛生習慣，用肥皂勤洗手，保持個人健康。<br/><br/><br/><br/><br/><br/><br/>最後更新日期2019/6/3<br/><br/>",O
雖然動物被檢驗狂犬病陰性，但是因為我非常擔心身體健康，是否可以自費接種狂犬病疫苗?,<br/>凡有暴露後已施打狂犬病疫苗者，其後續動物檢出結果已為陰性，但因心理因素欲自費施打之個案，可提供自費接種。<br/><br/><br/><br/><br/><br/>最後更新日期2019/5/7<br/><br/>,O
如果在狂犬病陽性區域被鼬獾咬傷，已接種完成第4劑者，後續還需接種嗎?,<br/>依照世界衛生組織最新指引，接種時程已修訂為4劑，爰視為已完成暴露後療程。<br/><br/><br/><br/><br/>最後更新日期2018/12/25<br/><br/>,O
我國疫苗接種時程?,<br/>依據世界衛生組織(WHO)公布之狂犬病專家諮詢指引建議，狂犬病疫苗由原先5劑修訂為4劑時程，分別於第0、3、7、14天各接種1劑。<br/><br/><br/><br/><br/>最後更新日期2018/7/27<br/><br/>,O
如果符合暴露於特定動物抓咬傷，是否有侷限特定區域?,<br/>考量國內野生動物狂犬病疫情仍持續，爰依據2019年4月29日ACIP會議決議，調整暴露後疫苗適用對象為全國野生哺乳類動物抓咬傷者，不符適用對象者可採自費接種。若有動物狂犬病或麗沙病毒監測資料更新或疫苗接種建議新事證，則另因應調整。<br/><br/><br/><br/><br/>最後更新日期2019/10/15<br/><br/>,O
哪些遭動物抓咬傷的人，才符合暴露後疫苗接種對象?,"<br/><br/>	臺灣動物狂犬病疫情風險，目前侷限於中、南部及東部山區之野生動物，且以鼬獾為主要的感染動物，少數為白鼻心等，調整暴露後人用狂犬病疫苗適用對象為全國野生哺乳類動物抓咬傷者(除臺東市錢鼠外)，不符適用對象者可採自費接種。<br/>	依據農委會88-106年之流浪犬貓狂犬病監測資料，結果皆為陰性，且國內持續推動犬貓動物狂犬病疫苗注射，國內犬貓感染狂犬病毒風險極低，「流浪犬貓咬傷者」比照家犬貓咬傷者，暫不給予疫苗，動物觀察10日內出現疑似狂犬病症狀，並經動檢機關高度懷疑，則給予疫苗。<br/><br/><br/><br/><br/><br/><br/>最後更新日期2019/5/7<br/><br/>",O
被流浪犬貓舔到手或口水滴到身體，會不會得到狂犬病?,<br/>不會，狂犬病病毒是隨著動物的唾液，透過動物抓、咬的傷口進入人體，基本上只要沒有傷口，及觀察該隻動物10天，若無任何異狀，應無感染之疑慮。<br/><br/><br/><br/><br/><br/>最後更新日期2019/7/4<br/><br/>,O
被已經打過狂犬病疫苗的家中寵物咬傷，會感染到狂犬病嗎?,<br/>不會，只要寵物每年定期施打動物狂犬病疫苗，就可以阻絕傳染途徑，飼主不用擔心有感染之虞。另外可持續觀察寵物10天，是否有出現異常現象。<br/><br/><br/><br/><br/><br/>最後更新日期2019/7/4<br/><br/>,O
何處有提供動物用的狂犬病疫苗?,<br/>可向所在縣市之動物防疫機關詢問，或撥打農委會專線0800-761-590洽詢或直接詢問住家鄰近之動物醫院。<br/><br/><br/><br/><br/><br/>最後更新日期2019/7/4<br/><br/>,O
 要是被寵物或其他動物抓咬傷後，除了傷者就醫外，動物該如何處理?,<br/>首先被咬傷者傷口立即使用肥皂和大量清水清洗和沖洗15分鐘，再以優碘或70%酒精消毒(建議先以70%酒精消毒傷口周圍，再以優碘消毒傷口)，並立即就醫治療。抓咬傷的動物儘可能留置觀察10天，但傷者就醫時，不需將該咬人動物帶到就診的醫院，避免影響醫院診療病人作業。被疑似罹病動物抓咬傷時，應通報動物防疫單位，相關處置規範與通報流程，請見：<br/><br/>動物防疫機關之作業流程<br/><br/>各地動物防疫機關通報專線<br/><br/><br/><br/><br/><br/>最後更新日期2019/5/3<br/><br/>,O
要是看到有人丟棄寵物或發現生病的野生動物、屍體，可洽詢何單位處理?,<br/>可向所在縣市之動物防疫機關投訴，或洽詢農委會專線0800-761-590處理。<br/><br/><br/><br/><br/><br/>最後更新日期2019/7/4<br/><br/>,O
為何遭到犬、貓抓咬傷，未列入全民健保給付人用狂犬病疫苗或免疫球蛋白之對象？,<br/>依據農委會88-106年之流浪犬貓狂犬病監測資料，結果皆為陰性，且國內持續推動犬貓動物狂犬病疫苗注射，國內犬貓感染狂犬病毒風險極低，因此「流浪犬貓咬傷者」及家犬貓咬傷者，暫不給予疫苗，動物觀察10日內出現疑似狂犬病症狀，並經動檢機關高度懷疑，則給予疫苗。<br/><br/><br/><br/><br/><br/>最後更新日期2019/7/4<br/><br/>,O
什麼是狂犬病？,<br/>由狂犬病病毒引起的神經性疾病，通常在哺乳動物間傳播，人類因為接觸染病動物唾液而感染。<br/><br/><br/><br/><br/><br/>最後更新日期2019/7/4<br/><br/>,O
狂犬病的流行概況為何？,<br/>全球每年約有55,O
狂犬病的傳播途徑？,<br/>狂犬病病毒隨著動物的唾液，透過動物抓、咬的傷口而感染。<br/><br/><br/><br/><br/><br/>最後更新日期2019/7/4<br/><br/>,O
請問狂犬病會人傳人嗎？,<br/>人類患者的唾液也會有狂犬病病毒，理論上有可能透過人與人直接傳染，但是至今尚無病例報告。但曾發生因接受狂犬病感染患者捐贈器官導致受贈者感染狂犬病的案例。<br/><br/><br/><br/><br/><br/>最後更新日期2019/7/4<br/><br/>,O
那些動物會傳播狂犬病病毒？,<br/>各種哺乳動物(如狗、貓、蝙蝠等)均可感染並傳播狂犬病。<br/><br/><br/><br/><br/><br/>最後更新日期2019/7/4<br/><br/>,O
狂犬病病毒如何侵犯人體？,<br/>被抓咬傷後，病毒會存在傷口周圍。在三到八週內，由神經散播至腦部而發病。<br/><br/><br/><br/><br/><br/>最後更新日期2019/7/4<br/><br/>,O
狂犬病有什麼症狀？,<br/>狂犬病初期症狀有發熱、頭痛或咬傷部位異樣感，數天後出現異常亢奮或恐懼現象，然後麻痺、吞嚥困難、咽喉部痙攣，並引起恐水現象(因喝水或看到水引起之喉部痙攣)，隨後併有精神錯亂及抽搐等情況，患者常因呼吸麻痺而死亡。<br/><br/><br/><br/><br/><br/>最後更新日期2019/7/4<br/><br/>,O
我要出國前往狂犬病流行地區，請問我可以自費接受暴露前預防接種嗎?,<br/>針對前往狂犬病流行地區之暴露前預防接種，可自費接種。<br/><br/>民眾前往狂犬病流行地區，應避免接觸野生動物，並小心防範被貓、狗、猴子、蝙蝠等哺乳動物抓咬傷，在國外狂犬病高風險地區，即使是家中飼養寵物也可能被野生動物抓咬傷，亦不可輕忽。<br/><br/><br/><br/><br/><br/>最後更新日期2019/7/4<br/><br/>,O
在國內被動物抓咬傷之人用狂犬病免疫球蛋白接種建議？,"<br/><br/>	 表一、疑似狂犬病或麗沙病毒暴露後「免疫球蛋白」接種對象2019年05月03日起適用<br/>	<br/>		<br/>			咬傷人物種<br/>			接種建議<br/>		<br/>	<br/>	<br/>		<br/>			<br/>			<br/>				鼬獾<br/>				白鼻心<br/>				錢鼠(限臺東市)<br/>				蝙蝠<br/>				出現明顯特殊異常行為（如無故主動攻擊……等）之動物，且經中央農政單位判定疑似狂犬病或麗沙病毒<br/>			<br/>			<br/>			<br/>			<br/>				暴露等級為第二類，該動物(除蝙蝠外)經檢驗鑑定為陽性，建議接種免疫球蛋白。<br/>				如暴露等級為第三類，建議接種狂犬病免疫球蛋白<br/>				遭受蝙蝠抓咬傷或傷口、黏膜接觸其唾液等分泌物，視為暴露等級第三類。<br/>			<br/>			<br/>		<br/>	<br/><br/><br/>暴露之定義：遭受動物抓咬傷或皮膚傷口、黏膜接觸其唾液等分泌物。<br/><br/>第二類定義：裸露皮膚的輕微咬傷、没有流血的小抓傷或擦傷。<br/><br/>第三類定義：傷及真皮層的單一或多處咬傷或抓傷、動物在有破損的皮膚舔舐、黏膜遭動物唾液污染，包含遭受蝙蝠抓咬傷或傷口、黏膜接觸其唾液等分泌物。<br/><br/><br/>	表二、疑似狂犬病或麗沙病毒暴露後「疫苗」接種對象2019年05月03日起適用<br/>	<br/>		<br/>			暴露動物類別<br/>			接種建議※<br/>			備註<br/>		<br/>	<br/>	<br/>		<br/>			野生哺乳類動物(如鼬獾、白鼻心、臺東市錢鼠、蝙蝠等)✽<br/>			暴露等級為第二類(含)以上，立即就醫並接種疫苗<br/>			若經檢驗陰性，可停止接種疫苗<br/>		<br/>		<br/>			流浪犬貓<br/>			家犬貓<br/>			暫不給予疫苗<br/>			若流浪犬貓、家犬貓觀察10日內出現疑似狂犬病症狀，並經動檢機關高度懷疑，則給予疫苗<br/>		<br/>	<br/><br/><br/>※：不符接種適用對象者(如其他野生動物抓咬傷)，在疫苗供貨穩定下，可提供自費接種。<br/><br/>✽：除錢鼠外，野生哺乳類動物暴露地點全國適用。<br/><br/><br/><br/><br/><br/>最後更新日期2019/8/30<br/><br/>",O
我在國內不小心碰觸到蝙蝠的糞便，會感染狂犬病嗎?,<br/>機會不大。狂犬病病毒主要是隨著動物的唾液，透過動物抓、咬傷造成感染。國外雖有人類疑似於蝙蝠洞穴中吸入其排泄物的高病毒濃度而感染狂犬病的案例，但國內蝙蝠尚無被農委會檢出狂犬病病毒的案件。<br/><br/><br/><br/><br/><br/>最後更新日期2019/7/4<br/><br/>,O
在國外旅遊、經商或工作時，我遭受動物抓咬傷，該怎麼辦？,<br/><br/><br/>步驟一<br/>立刻以肥皂及清水沖洗傷口15分鐘，再以優點或70%酒精消毒。<br/><br/>步驟二<br/>送醫做進一步治療，施予破傷風類毒素。傷口應盡量避免縫合，如必要應盡量讓血流及其他分泌物順暢地流出。由醫師評估感染風險，比要時，再給予狂犬病疫苗及免疫球蛋白。<br/>國人於中國大陸遭受動物咬傷，建議可至省市級以上之疾控中心、省市級公立醫院就醫。<br/><br/>步驟三<br/>盡可能將咬人之動物繫留觀察10天，如動物染患狂犬病，通常在5-8天內會有病徵變化。<br/>但若動物兇性大發，不要冒險捕捉，以免增加被抓咬傷的機會。<br/><br/><br/><br/>附件<br/><br/>step.png<br/><br/><br/><br/><br/><br/><br/><br/>最後更新日期2019/7/4<br/><br/>,O
有關在國外遭受犬貓等狂犬病風險動物抓咬傷，但未能於當地完成疫苗接種流程，回國後疫苗劑次銜接?(依據107年7月25日「人用狂犬病疫苗短缺因應措施專家研商會議」建議),"<br/><br/>	個案於國外接受狂犬病暴露後接種且未完成暴露後預防接種時程者，返國後，續依接種時程提供疫苗接種，以銜接未完成疫苗劑次。<br/>	當個案及其陪同家屬均無法明確說明國外疫苗接種狀況時，為慎重考量，仍由我國接種流程第1劑開始，完成後續4劑疫苗接種。<br/>	個案須持有國外遭動物咬傷就醫之診斷證明書或狂犬病疫苗接種紀錄或出入境證明等相關文件證明資料，以利醫事人員評估。<br/><br/><br/><br/><br/><br/><br/>最後更新日期2019/5/3<br/><br/>",O
哪些情況可考慮施打狂犬病暴露前預防接種？,<br/>狂犬病疫苗跟一般疫苗不一樣，不見得要事先打，被抓咬傷後立即施打，仍有保護效力。<br/><br/>狂犬病高危險群：如狂犬病實驗室工作人員、動物防疫人員、捕犬人員、動物保育人員、獸醫從業人員、消防隊員、巡山員及經常出入深山者等高風險族群，考量其因工作性質暴露風險較高，可考慮接受暴露前預防接種。<br/><br/>前往狂犬病流行高風險國家民眾，如旅遊、工作、就學等。<br/><br/>暴露前預防接種需注射3劑疫苗後才能產生足夠的保護力，每1劑所需費用約新臺幣2,O
我已接受完整的「狂犬病暴露前預防接種（3劑）」，在疫區遭受動物咬傷，還需要再接種疫苗嗎？,<br/>已接受狂犬病暴露前預防接種之民眾，如遭受動物抓咬傷，應確實清洗傷口，且再接種兩劑狂犬病疫苗，才能獲得充分保護力。<br/><br/><br/><br/><br/><br/>最後更新日期2019/7/4<br/><br/>,O
什麼是A型肝炎？,A型肝炎是由A型肝炎病毒感染所造成的急性肝臟發炎。<br />A型肝炎主要為經口(糞口)感染，簡單來說就是食用遭A型肝炎病毒汙染的食物或水而感染，所以前往衛生條件較差的地區要特別注意！。,X
得了A型肝炎會有什麼症狀？,這問題非常好！感染A型肝炎後，可能會出現發燒、全身倦怠不適、食慾不振、嘔吐及腹部不舒服症狀，幾天後發生黃疸。<br />症狀的嚴重程度通常隨著年齡增加而增加。大部分6歲以下的小朋友感染後沒有出現症狀或症狀輕微，而年齡較大的兒童或成人感染後，多會出現症狀。,X
A型肝炎是怎樣傳染的？,好問題！A型肝炎經由糞口傳染。主要藉由攝入受病毒汙染的食物(包括冷凍或未徹底煮熟的食物)或水而傳播。<br />A型肝炎也可能透過人與人接觸傳染，像比如說被感染後沒洗手直接接觸其他物品或食物，或照顧病人後沒有正確洗手而造成感染。另外，不安全性行為也是傳染途徑之一。<br />雖極為罕見，A型肝炎也可能透過輸入潛伏期患者之血液或靜脈藥癮者共用針具而傳染。,X
感染過A型肝炎之後，有沒有免疫力？以後會不會復發？,若出現突然發燒、全身倦怠不適、食慾不振、嘔吐及腹部不舒服、黃疸等病徵，請立即就醫治療！。,X
哪些族群是屬於A型肝炎的高風險族群？,像比如說前往A型肝炎流行地區(例如非洲、南美洲、中國大陸、東南亞及南亞地區等)旅遊或工作的人。<br />還有特殊職業如廚師及餐飲食品從業人員、醫療照護者、嬰幼兒保育工作者。<br />那患有慢性肝病、血友病、曾經移植肝臟的病人、靜脈藥癮者、男男間性行為者也要特別注意！。,X
出現疑似症狀或感染A型肝炎要注意些什麼？,好問題！A型肝炎病患於罹病期間，需注意排泄物的處理、手部清潔與環境及器具消毒等隔離措施。<br />同時應暫時停止為他人準備食物、照護病人及照顧嬰幼兒，降低病毒散播的風險。,X
如何預防A型肝炎？,接種疫苗就是最有效且安全的的預防措施！一般接種兩劑疫苗(間隔6-12個月)，免疫力就可以維持20年以上。<br />我建議要注意飲水及飲食衛生，不可生飲、生食，尤其是生蠔或水產貝類，飯前、便後及處理食物前需正確洗手。照顧病人或嬰幼兒、準備食物給別人時，更應特別注意。<br />要避免口對肛門的接觸、肛交行為。,X
哪些人應該接種A型肝炎疫苗？,完成2劑疫苗接種後，免疫力可維持20年以上，那兩劑之間需要間隔6至12個月。<br />如果是免疫功能不足者，可經醫師評估後，追加接種第3劑，以建立長期的免疫力！。,X
哪些醫療院所有提供A型肝炎疫苗接種服務？,,X
如有疑似腸道出血性大腸桿菌感染症狀者，應如何處理？ ,<br/>民眾如有疑似腸道出血性大腸桿菌感染症症狀者，應儘速就醫，並將旅遊史告知醫師。而醫師若遇疑似病患時，請儘速通報衛生局，並採集相關檢體送驗，及早給予病患適當治療，並防範疫情之擴大蔓延。<br/><br/>民眾若有其他傳染病相關問題，可撥打1922傳染病諮詢專線洽詢，或請參閱疾病管制署網站<br/><br/><br/><br/><br/><br/>最後更新日期2019/6/9<br/><br/>,O
治療出血性大腸桿菌，可以吃抗生素或是止瀉藥嗎？,<br/>不行。倉卒服用抗生素會增加病菌的抗藥性，同時如果在此時使用止瀉藥，會讓病菌留滯在體內。<br/><br/><br/><br/><br/><br/>最後更新日期2018/12/13<br/><br/>,O
該如何預防腸道出血性大腸桿菌？ ,<br/>養成熟食習慣，注意個人衛生，是最重要的預防方法：<br/><br/>1.加熱處理：該菌於75℃加熱1分鐘以上即可被殺死，故調理時應充分加熱（如調理絞肉其中心部分必須加熱至所有粉紅色部分消失為止）<br/><br/>2.避免食用生乳：生菜類食物亦有傳播風險，前往衛生條件較差或疫情發生地區應避免食用生菜。<br/><br/>3.冷藏保存：食品調理後，儘速食用，否則置於冰箱中保存。<br/><br/>4.飲用水之衛生：注意飲用水的衛生管理（如加氯消毒或其他消毒劑的處理），尤其是使用井水或儲水槽時，更須避免水源 受到污染。<br/><br/>5.器具之清洗：處理食品時，砧板、菜刀及容器等用具應充分洗淨，以防二次污染。<br/><br/>6.手部之洗淨：處理食品之前，手部要清洗並保持潔淨。<br/><br/><br/><br/><br/><br/>最後更新日期2019/6/9<br/><br/>,O
腸道出血性大腸桿菌感染之致死率有多高？,<br/>大約10%病患會併發溶血性尿毒症，死亡率約為3%至5%。<br/><br/><br/><br/><br/><br/>最後更新日期2018/12/13<br/><br/>,O
未出國的民眾，是否會因吃到進口食品而感染？ ,<br/>根據食品藥物管理署6月6日發布之新聞稿表示：經查，我國近3年以來，皆未自德國、西班牙或荷蘭等歐洲國家輸入生鮮豆芽，因此受污染之豆芽並未輸入我國。惟為保障國人消費者健康安全，該署亦於6月13日再度發布新聞稿聲明：自100年6月14日起暫停受理德國之豆芽類產品輸入報驗。<br/><br/><br/><br/><br/><br/>最後更新日期2019/6/9<br/><br/>,O
感染時會有什麼症狀？,<br/>腸道出血性大腸桿菌感染症潛伏期約２至10天，在感染初期，患者會出現腹瀉、腹部絞痛、嘔吐等腸胃道症狀，嚴重者可能會導致出血性腹瀉、腎衰竭、栓塞性血小板減少性紫斑症（主要為成人）、溶血性尿毒症候群（主要為小孩）等症狀。<br/><br/><br/><br/><br/><br/>最後更新日期2018/12/13<br/><br/>,O
我的家人近期將前往德國旅遊，是否會被感染？ ,<br/>目前已確認感染源為來自德國受汙染之豆芽，因此至海外旅遊的民眾，應特別注意吃熟食、避免生食蔬果及生菜沙拉，不要吃沒經過滅菌的生乳；飯前、便後務必以肥皂勤洗手。只要是出現水瀉、腹痛，甚至嚴重腹瀉及血便，務必立即就醫，並告知旅遊史及飲食紀錄。<br/><br/><br/><br/><br/><br/>最後更新日期2018/12/13<br/><br/>,O
腸道出血性大腸桿菌是如何傳染的？ ,<br/>人可經由接觸受感染的動物、食入受感染食物或飲水，或與患者直接接觸而感染，只需數十至數百個菌體即可致病。而本次歐洲地區發生大規模O104型大腸桿菌感染事件，係食用遭受污染之生菜類食品所導致。<br/><br/><br/><br/><br/><br/>最後更新日期2018/12/13<br/><br/>,O
歐洲最近爆發出血性大腸桿菌的疫情，是什麼原因所引起的？,<br/>依據世界衛生組織及國際疫情資料顯示，德國自本(100)年4月25日爆發大腸桿菌O104：H4引發之致命疫情，至今已有三千多人受到感染，並增至37人死亡，共計多國傳出相關疫情(該資料截至100/06/15)。經德國國家疾病中心調查，於6月10日宣布：確認出血性大腸桿菌疫情的源頭為德國北部生產之豆芽菜遭汙染所致。<br/><br/><br/><br/><br/><br/>最後更新日期2018/12/13<br/><br/>,O
霍亂是如何感染的呢？,<br/>霍亂可透過食用受污染的食物或水而傳播。霍亂弧菌可存在污水中相當長的時間，生食受霍亂弧菌污染水域捕獲的海鮮（特別是甲殼類或貝類），即可能遭受感染或引發疫情。<br/><br/><br/><br/><br/><br/>最後更新日期2018/12/17<br/><br/>,O
霍亂的潛伏期有多長？,<br/>數小時至5天，一般是2～3天<br/><br/><br/><br/><br/><br/>最後更新日期2018/12/17<br/><br/>,O
治療霍亂的方法為何？,<br/>治療霍亂的主要方法是及時補充足夠的水份及電解質；較嚴重的腹瀉個案可能須使用抗生素。<br/><br/><br/><br/><br/><br/>最後更新日期2018/12/17<br/><br/>,O
感染霍亂是否需要隔離治療？,<br/>病患如能做好個人衛生，並避免排泄物汙染環境，即無使用傳染病防治法第44條、第45條施行隔離治療之必要；但若無法維持個人衛生，有汙染環境及傳染他人之虞，必要時，主管機關得依法對病患施行隔離治療。<br/><br/><br/><br/><br/><br/>最後更新日期2018/12/17<br/><br/>,O
預防霍亂的方法為何？,"<br/>(一)個人衞生<br/><br/><br/>	飯前、便後、處理食物前或更換尿片後，應正確使用肥皂及清水洗手；若無法取得肥皂及清水，應使用酒精乾洗手液。<br/>	出現嘔吐或腹瀉症狀，應暫時停止烹製食物或照顧病患、老人及小孩。<br/><br/><br/>(二)飲食衞生<br/><br/><br/>	食物應充分煮熟，並避免生熟食交叉污染。<br/>	不飲用未經煮沸的水。<br/>	非即時食用的食物應加蓋後置入冰箱保存。<br/>	養殖業者或餐飲業者應使用來源可靠的水源飼養魚貝類水產。<br/><br/><br/>(三)環境衞生<br/><br/><br/>	保持供水及排水系統正常運作。<br/>	妥善棄置患者的嘔吐物及排泄物。<br/>	患者曾使用的廁所和受排泄物污染的場所應予妥適清潔及消毒。<br/><br/><br/><br/><br/><br/><br/>最後更新日期2019/6/12<br/><br/>",O
出國旅客應注意什麼？ ,"<br/><br/>	注意個人衛生習慣，用餐前及如廁後應確實洗手。<br/>	食物應選用熟食，避免食用生菜或未完全煮熟的海鮮。<br/>	用煮沸的開水或包裝完整的飲品；避免飲用加入冰塊的飲料。<br/>	不食用路邊攤販賣的食物或飲料；不食用已去皮或削好的水果。<br/><br/><br/><br/><br/><br/><br/>最後更新日期2019/6/12<br/><br/>",O
是否要接種傷寒疫苗？,<br/>一般觀光、短期商務旅客感染傷寒的風險較低，注意飲食安全即可，但如果旅程中會前往非一般觀光區、較偏僻或衛生條件較差小型都市、村落的旅客（如探親、志工活動、背包客），感染風險較高，建議於出國前至旅遊醫學門診向醫師諮詢，評估接種傷寒疫苗（施打後14天可產生免疫力，建議成人及2歲以上兒童施打）。傷寒疫苗僅可保護人體免於傷寒桿菌的感染，但無法阻斷其他細菌的侵襲，故接種後仍必須注意飲食安全及維持勤洗手之良好個人衛生習慣。詳見衛生福利部疾病管制署國際旅遊資訊。<br/><br/><br/><br/><br/><br/>最後更新日期2019/6/11<br/><br/>,O
如何預防傷寒與副傷寒？ ,"<br/><br/>	飯前、便後及用餐前均應正確使用肥皂洗手。廚房工作人員、醫護人員、看護工及托兒所員工於接觸食物前、照顧病患、為老年人或嬰兒更換尿布或處理排泄物後，均應澈底洗淨雙手。<br/>	飲用水須加氯消毒或煮沸處理，避免飲用生水。<br/>	盡量選用熱食、熟食，甲殼類海鮮建議蒸煮10分鐘以上才食用。非即食食物最好冷藏保存，尤其沙拉及冷盤之保存應特別謹慎。<br/>	經常清除垃圾、廁所加裝紗窗，使蒼蠅無法孳生。<br/>	廁所內應充分供應衛生紙，以免糞便污染手部；使用沖水式馬桶，糞便應排入污水系統。<br/>	患者曾使用的廁所和受排泄物污染的場所應予妥適清潔及消毒。<br/><br/><br/><br/><br/><br/><br/>最後更新日期2019/6/11<br/><br/>",O
什麼是傷寒及副傷寒慢性帶菌者？ ,<br/>急性期、發病輕微者或無症狀感染後，患者可能成為帶菌者。大部分慢性帶菌者好發於中年婦女及膽道病變者（如：膽結石或慢性膽囊炎）；如有腎結石或埃及血吸蟲感染，也可能會有較高的機會變成慢性尿液帶菌者。傷寒感染者約有2～5%成為帶菌者，而副傷寒患者則較少變成慢性帶菌者。<br/><br/><br/><br/><br/><br/>最後更新日期2018/12/13<br/><br/>,O
限制與解除「從事照顧病人、老人、小孩及調理食物等行為」之規範？,<br/>通報病例、確定病例及其接觸者需限制上述行為，直到符合衛生機關有關「檢驗結果陰性」之解除追蹤管理要件，方可解除限制。<br/><br/><br/><br/><br/><br/>最後更新日期2018/12/13<br/><br/>,O
感染傷寒及副傷寒是否需要隔離治療？,<br/>病患如能做好個人衛生，並避免排泄物汙染環境，即無使用傳染病防治法第44條、第45條施行隔離治療之必要；但若無法維持個人衛生，有汙染環境及傳染他人之虞，必要時，主管機關得依法對病患施行隔離治療。<br/><br/><br/><br/><br/><br/>最後更新日期2018/12/13<br/><br/>,O
傷寒及副傷寒的潛伏期有多長？,<br/>潛伏期長短因感染病菌多寡而不同，傷寒潛伏期一般為8～14天（可由3～60天不等）；副傷寒潛伏期為1～10天。<br/><br/><br/><br/><br/><br/>最後更新日期2018/12/13<br/><br/>,O
傷寒及副傷寒是如何感染的呢？,<br/>因食入被患者、帶菌者糞便或尿所污染之食物、飲水而傳染。貝類、水果、蔬菜皆可能遭受汙染成為傳染媒介，而帶菌者在處理食物時，也可能會污染食品。另外，蒼蠅可能散布病菌於食品中，為傳播媒介之一。<br/><br/><br/><br/><br/><br/>最後更新日期2018/12/13<br/><br/>,O
感染傷寒及副傷寒會有什麼症狀？ ,<br/>感染傷寒或副傷寒後會出現持續性發燒、頭痛、不適、厭食、腹痛、相對性心律減慢、脾臟腫大、身軀出現紅疹、咳嗽、便秘或腹瀉、淋巴腫大等。傷寒若不治療，可能會造成小腸出血或穿孔；副傷寒之症狀較輕，死亡率也較低。<br/><br/><br/><br/><br/><br/>最後更新日期2018/12/13<br/><br/>,O
什麼是傷寒及副傷寒？ ,<br/>傷寒及副傷寒皆為由細菌引起之腸道傳染病，病原菌分別為傷寒桿菌及副傷寒桿菌。傷寒及副傷寒為全球性的疾病，世界各地均有病例發生，但多數發生於開發中國家，尤其在自來水不普及或環境衛生較差的地區。南亞地區感染風險最高，另外東南亞、非洲、中南美洲、加勒比海群島等地區也有較高的感染風險。近年來，已開發國家由於衛生設備之改善，病例數已大幅減少。<br/><br/><br/><br/><br/><br/>最後更新日期2018/12/13<br/><br/>,O
出國旅客應注意什麼？ ,"<br/><br/>	注意個人衛生習慣，用餐前及如廁後應確實洗手。<br/>	食物應選用熟食，避免食用生菜或未完全煮熟的海鮮。<br/>	用煮沸的開水或包裝完整的飲品；避免飲用加入冰塊的飲料。<br/>	不食用路邊攤販賣的食物或飲料；不食用已去皮或削好的水果。<br/><br/><br/><br/><br/><br/><br/>最後更新日期2019/6/12<br/><br/>",O
是否要接種傷寒疫苗？,<br/>一般觀光、短期商務旅客感染傷寒的風險較低，注意飲食安全即可，但如果旅程中會前往非一般觀光區、較偏僻或衛生條件較差小型都市、村落的旅客（如探親、志工活動、背包客），感染風險較高，建議於出國前至旅遊醫學門診向醫師諮詢，評估接種傷寒疫苗（施打後14天可產生免疫力，建議成人及2歲以上兒童施打）。傷寒疫苗僅可保護人體免於傷寒桿菌的感染，但無法阻斷其他細菌的侵襲，故接種後仍必須注意飲食安全及維持勤洗手之良好個人衛生習慣。詳見衛生福利部疾病管制署國際旅遊資訊。<br/><br/><br/><br/><br/><br/>最後更新日期2019/6/11<br/><br/>,O
如何預防傷寒與副傷寒？ ,"<br/><br/>	飯前、便後及用餐前均應正確使用肥皂洗手。廚房工作人員、醫護人員、看護工及托兒所員工於接觸食物前、照顧病患、為老年人或嬰兒更換尿布或處理排泄物後，均應澈底洗淨雙手。<br/>	飲用水須加氯消毒或煮沸處理，避免飲用生水。<br/>	盡量選用熱食、熟食，甲殼類海鮮建議蒸煮10分鐘以上才食用。非即食食物最好冷藏保存，尤其沙拉及冷盤之保存應特別謹慎。<br/>	經常清除垃圾、廁所加裝紗窗，使蒼蠅無法孳生。<br/>	廁所內應充分供應衛生紙，以免糞便污染手部；使用沖水式馬桶，糞便應排入污水系統。<br/>	患者曾使用的廁所和受排泄物污染的場所應予妥適清潔及消毒。<br/><br/><br/><br/><br/><br/><br/>最後更新日期2019/6/11<br/><br/>",O
什麼是傷寒及副傷寒慢性帶菌者？ ,<br/>急性期、發病輕微者或無症狀感染後，患者可能成為帶菌者。大部分慢性帶菌者好發於中年婦女及膽道病變者（如：膽結石或慢性膽囊炎）；如有腎結石或埃及血吸蟲感染，也可能會有較高的機會變成慢性尿液帶菌者。傷寒感染者約有2～5%成為帶菌者，而副傷寒患者則較少變成慢性帶菌者。<br/><br/><br/><br/><br/><br/>最後更新日期2018/12/13<br/><br/>,O
限制與解除「從事照顧病人、老人、小孩及調理食物等行為」之規範？,<br/>通報病例、確定病例及其接觸者需限制上述行為，直到符合衛生機關有關「檢驗結果陰性」之解除追蹤管理要件，方可解除限制。<br/><br/><br/><br/><br/><br/>最後更新日期2018/12/13<br/><br/>,O
感染傷寒及副傷寒是否需要隔離治療？,<br/>病患如能做好個人衛生，並避免排泄物汙染環境，即無使用傳染病防治法第44條、第45條施行隔離治療之必要；但若無法維持個人衛生，有汙染環境及傳染他人之虞，必要時，主管機關得依法對病患施行隔離治療。<br/><br/><br/><br/><br/><br/>最後更新日期2018/12/13<br/><br/>,O
傷寒及副傷寒的潛伏期有多長？,<br/>潛伏期長短因感染病菌多寡而不同，傷寒潛伏期一般為8～14天（可由3～60天不等）；副傷寒潛伏期為1～10天。<br/><br/><br/><br/><br/><br/>最後更新日期2018/12/13<br/><br/>,O
傷寒及副傷寒是如何感染的呢？,<br/>因食入被患者、帶菌者糞便或尿所污染之食物、飲水而傳染。貝類、水果、蔬菜皆可能遭受汙染成為傳染媒介，而帶菌者在處理食物時，也可能會污染食品。另外，蒼蠅可能散布病菌於食品中，為傳播媒介之一。<br/><br/><br/><br/><br/><br/>最後更新日期2018/12/13<br/><br/>,O
感染傷寒及副傷寒會有什麼症狀？ ,<br/>感染傷寒或副傷寒後會出現持續性發燒、頭痛、不適、厭食、腹痛、相對性心律減慢、脾臟腫大、身軀出現紅疹、咳嗽、便秘或腹瀉、淋巴腫大等。傷寒若不治療，可能會造成小腸出血或穿孔；副傷寒之症狀較輕，死亡率也較低。<br/><br/><br/><br/><br/><br/>最後更新日期2018/12/13<br/><br/>,O
什麼是傷寒及副傷寒？ ,<br/>傷寒及副傷寒皆為由細菌引起之腸道傳染病，病原菌分別為傷寒桿菌及副傷寒桿菌。傷寒及副傷寒為全球性的疾病，世界各地均有病例發生，但多數發生於開發中國家，尤其在自來水不普及或環境衛生較差的地區。南亞地區感染風險最高，另外東南亞、非洲、中南美洲、加勒比海群島等地區也有較高的感染風險。近年來，已開發國家由於衛生設備之改善，病例數已大幅減少。<br/><br/><br/><br/><br/><br/>最後更新日期2018/12/13<br/><br/>,O
現在腸病毒有沒有停課標準? ,<br/>在下列疫情狀況下，建議幼兒園、托嬰中心等學前教托育機構 採取停課措施： <br/><br/>1.衛生福利部疾病管制署公布當年度發生腸病毒71型流行疫情：當機構內同一班級在一週內有兩名以上(含兩名)幼童經醫師診斷為腸病毒感染（手足口病或疱疹性咽峽炎等）時，該班級應停課7天。<br/><br/>2.當年度無腸病毒71型流行疫情，但機構所在的鄉鎮市區，若當年度曾由衛生福利部疾病管制署公布有「腸病毒71型檢驗陽性個案」或「年齡在3個月以上的腸病毒感染併發重症個案」時，當機構內同一班級在一週內有兩名以上(含兩名)幼童經醫師診斷為腸病毒感染（手足口病或疱疹性咽峽炎等）時，該班級應停課7天。<br/><br/>3.當機構內發生腸病毒感染併發重症通報個案，且個案檢出腸病毒D68型時，該個案就讀之班級應停課7天。<br/><br/> (發生腸病毒71型陽性個案或年齡滿3個月(含)以上重症個案地區以及腸病防治工作指引、教托育人員腸病毒防治手冊)。<br/><br/>地方政府可依據傳染病防治法第三十七條第一項第六款，衡酌其轄內的社會型態、托育資源及防疫需求，訂定符合轄內需求的停課標準，因此目前各縣市的停課標準並不完全一致，如有需要，可直接洽詢所在縣市之衛生局、教育局或社會局瞭解相關規定。<br/><br/><br/><br/><br/><br/>最後更新日期2019/7/10<br/><br/>,O
吃冰或是冰的東西可以治療腸病毒嗎？,<br/>坊間有傳言吃冰或冰的東西可以治療腸病毒，其實這是不正確的觀念，請民眾不要誤信；腸病毒目前沒有特效藥物可以來治療，吃冰（含冰涼食品）只可以緩解小朋友嘴巴破的不舒服症狀，也可以幫小朋友補充一些水分，但是大量吃冰並無法治療腸病毒。<br/><br/><br/><br/><br/><br/>最後更新日期2018/12/16<br/><br/>,O
市面上有許多商品都宣稱具有殺死腸病毒的功效，應該如何辨別？ ,<br/>目前坊間有某些產品宣稱有抑制或殺死腸病毒之功效，提醒民眾目前對於腸病毒有效的消毒方法為含氯漂白水、煮沸及日曬(紫外線)；建議民眾購買此類商品前應先檢視其相關檢驗報告中是否具其宣稱之抑制腸病毒效果。<br/><br/><br/><br/><br/><br/>最後更新日期2018/12/16<br/><br/>,O
要預防腸病毒感染，居家或幼稚園等環境消毒用的漂白水應如何配製呢? ,<br/>1.考慮消毒劑的取得方便性、價格及消毒效果等因素，建議選用市售之含氯漂白水（次氯酸鈉濃度一般在5到6%，即50,O
腸病毒有沒有特效藥？ ,<br/>腸病毒感染症目前並沒有特效藥，採取支持療法，如退燒、止咳、症狀治療等方式，絕大多數患者會在發病後7-10天內自行痊癒。少數患者會出現「持續發燒、嗜睡、意識不清、活力不佳、手腳無力」、「﻿肌躍型抽搐」、「持續嘔吐」與「呼吸急促或心跳加快」重症前兆病徵，請儘速至大醫院就醫。<br/><br/><br/><br/><br/><br/>最後更新日期2018/12/16<br/><br/>,O
腸病毒目前已經有疫苗可以接種? ,<br/>國內目前已研發出腸病毒71型疫苗，正在進行臨床試驗，尚未上市提供接種，請民眾平時注意個人衛生習慣及勤洗手，就可降低感染機會。<br/><br/><br/><br/><br/><br/>最後更新日期2018/12/16<br/><br/>,O
要如何預防腸病毒？ ,<br/>目前腸病毒中，除了小兒麻痺病毒以外，沒有疫苗可以預防，所以勤於正確洗手、保持良好個人衛生習慣，減少被傳染的機會是預防的基本方法。<br/><br/>1.正確的洗手方法如下：<br/><br/> (1)在水龍頭下把手淋濕<br/><br/> (2)擦上肥皂或洗手液 <br/><br/> (3)兩手心互相磨擦 <br/><br/> (4)兩手揉搓自手背至手指 <br/><br/> (5)兩手揉搓手掌及手背 <br/><br/> (6)作拉手姿勢以擦洗指尖 <br/><br/> (7)用清水將雙手洗淨，關水前先捧水將水龍頭沖洗乾淨 <br/><br/> (8)用乾淨的紙巾或烘手機將手烘乾<br/><br/>2.流行期間儘量避免出入公共場所，不要跟疑似病患(家人或同學)接觸，特別是準媽媽、幼童和新生兒，盡量避免接觸腸病毒病人。<br/><br/>3.家有嬰幼兒的成人工作或外出返家後，務必先更衣洗手，在摟抱、餵食嬰幼兒前，應以肥皂正確洗手。<br/><br/>4.罹病之學童，宜請假暫勿上課，接受治療並好好休息，同時也可避免傳染其他學童。<br/><br/>5.平時注意營養、均衡飲食及運動，增強個人之免疫力。也要注意環境衛生及通風。<br/><br/><br/><br/><br/><br/>最後更新日期2018/12/16<br/><br/>,O
感染過腸病毒之後，有沒有免疫力？以後會不會復發？ ,<br/>得到某一種腸病毒感染以後，至少會持續有數十年的免疫力。所以對於同一種病毒而言，不會復發。但是有幾種腸病毒會引起同樣的手足口病或庖疹性咽峽炎，所以有的人會得到一次以上的手足口病或庖疹性咽峽炎。<br/><br/><br/><br/><br/><br/>最後更新日期2018/12/16<br/><br/>,O
為了避免新生兒感染腸病毒，準媽媽們要特別注意甚麼？ ,<br/>準媽媽在懷孕期間應注意手部及呼吸道衛生，避免和腸病毒病人接觸。在產前14天至分娩前後如有發燒、上呼吸道感染、腹瀉、肋肌痛等疑似腸病毒感染症狀，或家中孩子出現腸病毒症狀時，應主動告知醫師，採取必要之預防措施及處置，以降低腸病毒可能對新生兒造成的危害，也請醫師留意產婦健康狀況。<br/><br/><br/><br/><br/><br/>最後更新日期2019/4/2<br/><br/>,O
準媽媽感染腸病毒，會不會生下畸形兒？,<br/>目前並無證據顯示腸病毒有導致胎兒先天性畸形的可能，但孕婦必須避免感染的風險，以預防生產時感染給新生兒。<br/><br/><br/><br/><br/><br/>最後更新日期2018/12/16<br/><br/>,O
成人是否會感染腸病毒？症狀有哪些？,,X
幼兒得了腸病毒後，要特別留意那些症狀（重症前兆症狀）?,<br/>幼兒得了腸病毒後的一週內，要特別注要觀察是否出現「嗜睡、意識不清、活力不佳、手腳無力」、「肌躍型抽搐（無故驚嚇或突然間全身肌肉收縮）」、「持續嘔吐」與「呼吸急促或心跳加快」症狀，如有其中任何一個症狀，可能是併發重症的前兆，應儘速帶至大醫院就醫。<br/><br/><br/><br/><br/><br/>最後更新日期2019/8/15<br/><br/>,O
要怎麼觀察新生兒可能得了腸病毒？ ,<br/>在腸病毒流行期間，如果發現新生兒出現發燒、活力不佳、食慾降低的情形時，可能是腸病毒感染的初期徵兆，應儘速帶至醫院及時接受治療，避免病情惡化。<br/><br/><br/><br/><br/><br/>最後更新日期2018/12/16<br/><br/>,O
新生兒得了腸病毒的症狀有甚麼不同？ ,<br/>新生兒感染腸病毒後的症狀有各種表現，從最輕微的發燒到致命的多重器官衰竭都有。最常見的症狀包括發燒、躁動不安、餵食不佳、嗜睡，其他症狀如發紺或膚色蒼白、肌張力低下或過高、腸胃症狀、黃疸、出血點、抽搐等都有可能出現。如出現新生兒敗血症、心肌炎、肝炎合併凝血功能異常、腦炎等，則可稱為新生兒腸病毒重症。<br/><br/><br/><br/><br/><br/>最後更新日期2018/12/16<br/><br/>,O
得了腸病毒會有什麼症狀？,<br/>感染病毒後一般3~5天會出現症狀，但是大多數感染者，沒有臨床症狀或臨床症狀極為輕微，而大部分病例過了幾天之後就會自然痊癒。典型症狀為口腔、手掌、腳掌出現水泡、潰瘍，可能合併發燒。病程為七至十天。極少數個案，有可能發生無菌性腦膜炎、腦炎、心肌炎、心包膜炎、肺炎、麻痺等併發症<br/><br/><br/><br/><br/><br/>最後更新日期2018/12/16<br/><br/>,O
得了腸病毒之後，傳染力可以持續多久？ ,<br/>通常在發病之前的幾天，喉嚨與糞便就有病毒存在，此時就有傳染力，病人大多可在一週左右痊癒，一般而言，在發病後的一週內傳染力最高，痊癒後，腸病毒還會隨著糞便排出達8到12週之久，表示都還有傳染力。所以痊癒之後還是要繼續注意個人衛生，勤洗手，才可以降低病毒傳播的機會。<br/><br/><br/><br/><br/><br/>最後更新日期2018/12/16<br/><br/>,O
新生兒是怎麼得到腸病毒的？ ,<br/>新生兒的腸病毒感染可能發生在產前、生產中或產後階段。產前感染是孕婦感染腸病毒後，經由胎盤傳染給胎兒，通常發生在懷孕晚期；生產中感染是生產過程中，胎兒接觸到已感染腸病毒的母親之血液、產道分泌物、糞便等而受到感染；產後感染是新生兒可能因直接接觸感染者（包括母親、其他密切接觸者或醫護人員）的口咽分泌物或糞便而感染腸病毒，也可經由飛沫、接觸無症狀帶病毒感染者之途徑感染。<br/><br/><br/><br/><br/><br/>最後更新日期2018/12/16<br/><br/>,O
腸病毒是怎麼傳染的？,<br/>腸病毒的傳染力極強，在家庭及教托機構育機構等處最容易傳播，可經由接觸或以飛沫方式感染幼兒而造成，也可能經由接觸無症狀帶病毒家長或病人的口鼻分泌物、咳嗽、打噴嚏飛沫，或吃進被含有病毒之糞便所污染的食物而受傳染，玩具常成為幼兒間傳染的媒介，尤其是帶毛的玩具更容易因接觸幼兒口嘴造成大量病毒感染而發病。<br/><br/><br/><br/><br/><br/>最後更新日期2018/12/16<br/><br/>,O
腸病毒是不是只有台灣地區才有？在什麼季節流行？ ,<br/>此種病毒世界各地都有，通常在夏季、初秋流行，台灣地區因位在亞熱帶，所以全年都可能有感染發生。<br/><br/><br/><br/><br/><br/>最後更新日期2018/12/16<br/><br/>,O
什麼是腸病毒？ ,<br/>腸病毒指的是一群病毒，包含小兒麻痺病毒、克沙奇病毒、伊科病毒及腸病毒等種類，每一個種類還可分為多種型別，總共有數十種以上。<br/><br/><br/><br/><br/><br/>最後更新日期2018/12/16<br/><br/>,O
什麼是病毒性C型肝炎？,,X
病毒性C型肝炎怎樣傳染的？,,X
那些人是具有病毒性C型肝炎感染風險的族群？,,X
如何預防病毒性C型肝炎感染？,,X
母親如為病毒性C型肝炎感染者可否哺餵母乳？,<br/>C型肝炎病毒係經由血液傳染，不會經由乳汁傳染，但母親之乳頭或周圍皮膚如有破皮及出血，建議暫停哺餵母乳，直到傷口癒合，再開始哺餵母乳。<br/><br/><br/><br/><br/><br/>最後更新日期2019/1/3<br/><br/>,O
如何知道是否感染了病毒性C型肝炎？,,X
那些人需檢驗病毒性C型肝炎抗體(anti-HCV)？,,X
HIV感染者為何需檢測C型肝炎?,,X
C型肝炎個案的同住家人或性伴侶會有感染C型肝炎的風險嗎?,,X
病毒性C型肝炎會經由輸血而感染嗎？,,X
如果是病毒性C型肝炎感染者可以捐血嗎?,,X
如何清潔物體表面濺落的血液並確認可去除C型肝炎病毒?,<br/>C型肝炎病毒在室溫下的環境表面，可以存活3星期左右，任何濺落的血液(包括乾血)，都可能仍有傳染性，應該穿戴手套並使用稀釋10倍的漂白水進行清潔工作。<br/><br/><br/><br/><br/><br/>最後更新日期2019/1/3<br/><br/>,O
感染病毒性C型肝炎可至哪一科就醫?,,X
治療病毒性C型肝炎有健保給付嗎?,,X
病毒性C型肝炎感染者可以治癒嗎?,,X
什麼是李斯特菌症？,<br/>李斯特菌症（Listeriosis）是由單核細胞增多性李斯特菌（Listeriamonocytogenes，以下簡稱李斯特菌）感染產生的感染症，感染李斯特菌後的疾病嚴重程度取決於受感染者的免疫狀況。免疫力正常者不易遭受李斯特菌感染或感染後僅有腹瀉、噁心、嘔吐等腸胃道症狀，然而年長者、免疫力低下的族群、孕婦、胎兒及新生兒則可能引發侵襲性感染。<br/><br/><br/><br/><br/><br/>最後更新日期2019/1/3<br/><br/>,O
人體如何感染到李斯特菌症？ ,"<br/><br/>	主要是透過食用受李斯特菌污染的食物或水而感染。<br/>	孕婦感染後可經由胎盤將李斯特菌傳染給胎兒，新生兒亦可能在出生過程中，因接觸母親產道的李斯特菌而受到感染。<br/>	李斯特菌症亦是人畜共通傳染病，少數病例是經由直接接觸李斯特菌而感染，例如獸醫或畜產工作者經接觸帶菌動物或家畜排泄物而感染。<br/><br/><br/><br/><br/><br/><br/>最後更新日期2019/6/17<br/><br/>",O
李斯特菌症的潛伏期有多長？,<br/>3至70天，通常為21天。<br/><br/><br/><br/><br/><br/>最後更新日期2019/1/3<br/><br/>,O
李斯特菌症會經由人傳人的方式傳染嗎？,<br/>人與人間的直接傳染相當罕見，除了孕婦可經由胎盤傳染給胎兒，或新生兒於產婦分娩，經過產道時感染外，目前尚無人傳人的案例。<br/><br/><br/><br/><br/><br/>最後更新日期2019/1/3<br/><br/>,O
李斯特菌症的症狀有哪些？,"<br/>感染後的症狀表現，於免疫力低下者、孕婦、新生兒及一般免疫力正常族群間的主要症狀常有所不同。<br/><br/><br/>	免疫力低下者：主要呈現敗血症及中樞神經系統感染（以腦膜炎、腦膜腦炎較為常見）等侵襲性感染的相關症狀，如：發燒、頭痛、頸部僵硬、意識混淆、失去平衡感、痙攣等。<br/>	孕婦：多僅呈現類流感症狀，但孕婦感染後可導致流產、死胎或早產。<br/>	新生兒：感染後引發敗血症或腦膜炎，可能出現發燒、皮膚紅疹、活動力變差等症狀。<br/>	一般免疫力正常族群：多僅有腹瀉、噁心、嘔吐等腸胃道症狀。<br/><br/><br/><br/><br/><br/><br/>最後更新日期2019/6/17<br/><br/>",O
哪些人是罹患李斯特菌症的高風險族群？,<br/>年長者、免疫力低下者、孕婦及新生兒等易感族群。<br/><br/><br/><br/><br/><br/>最後更新日期2019/1/3<br/><br/>,O
容易受李斯特菌汙染的高風險食品有哪些呢？,<br/>國外案例調查報告曾發現生菜、哈密瓜、未經殺菌程序的乳製品、未經充分加熱的熱狗及火腿等即時肉品及煙燻鮭魚等食品造成李斯特菌感染，國內則曾於生魚片、即食生鮮蔬果、即時肉品等檢出李斯特菌。<br/><br/><br/><br/><br/><br/>最後更新日期2019/1/3<br/><br/>,O
日常生活要如何降低感染李斯特菌症的風險？,"<br/>目前無疫苗可預防。由於李斯特菌症主要是經由食用遭汙染的食物而感染，此菌於冷藏室的4℃條件下可持續生長繁殖，需加熱至72°C以上才可殺死，因此，熟食及謹慎處理食品、避免汙染是最重要的預防方法。相關注意事項包括：<br/><br/><br/>	處理生熟食需使用不同器具，避免交叉污染。<br/>	處理生食後須徹底洗淨雙手及器具。<br/>	牛肉、豬肉、禽肉或魚肉等肉類應澈底煮熟。<br/>	分切瓜果後應儘早食用，避免置於室溫超過4小時或冷藏超過保存期限。<br/>	避免食用未經殺菌的生乳及其乳製品。<br/>	對於易腐敗的食品（如：海鮮、禽及畜肉類等）以及即食性食品（如：分切的生鮮蔬果、涼拌蔬菜及肉類等），宜儘早食用完畢。<br/>	高風險族群應避免食用低溫保存之肉醬、即食肉類加工品（如：熱狗、煙燻海鮮）、即食食品（如：先行製成並存放供人即食的生菜沙拉、三明治或壽司）、剩菜及未經殺菌程序的乳製品等；若要食用，請於食用前充分加熱。處理食物時，應避免熱狗等即食肉類加工品的汁液接觸到其他食品，並於處理後澈底洗淨雙手及器具。<br/><br/><br/><br/><br/><br/><br/>最後更新日期2019/6/17<br/><br/>",O
如果我在國外被猴子抓咬傷，返國後如何處理？,<br/>入境時向檢疫人員通報曾於國外遭受動物抓、咬傷，除填寫傳染病防治調查表進行通報外，另將開立「入境健康異常旅客配合衛生措施及健康管理敬告單」請其24小時內至醫療院所就醫並告知旅遊史及接觸史。<br/><br/><br/><br/><br/><br/>最後更新日期2018/12/12<br/><br/>,O
遭猴子抓咬傷個案後該怎麼辦？,<br/>傷口緊急處理 : 遭猴子抓咬傷後，立刻使用肥皂或優碘澈底消毒傷口，然後以大量清水沖洗傷口15至20分鐘，儘速就醫，由醫師評估是否給予疱疹B病毒預防性投藥，及其他與動物抓咬傷相關疾病(例如:破傷風、細菌感染及狂犬病等)的處置。<br/><br/>追蹤建議 : 疱疹B病毒潛伏期為3天至3週，因發病後致死率相當高，無論是否自費使用預防性投藥，在遭抓咬傷後3週內，個案都應監控身體症狀。如果個案在遭抓咬傷後3週內出現以下任何症狀，應立刻就醫，並告知曾被獼猴抓咬傷，以迅速接受治療：(1)傷口部位出現水泡或潰瘍；(2)局部淋巴結腫脹；(3)發燒伴隨頭痛、惡寒、肌肉痛、吞嚥困難、腹痛、麻痺等症狀。<br/><br/><br/><br/><br/><br/>最後更新日期2019/6/19<br/><br/>,O
如何預防疱疹B病毒感染症？,避免接觸與餵食猴子以及太靠近猴子以防遭咬傷或抓傷<br />從事與猴子有關的工作時應配戴口罩、防水手套及鞋靴等防護裝備， 並避免直接接觸猴子的血、體液<br />雖然人與人之間的傳播可能性低，但是與疑似病患接觸時，仍應防血、體液感染的發生<br />,X
疱疹B病毒感染症是怎樣傳播的？,被猴子抓咬傷 : 被猴子咬傷或抓傷，皮膚、黏膜暴露於帶有病毒的猴子唾液、分泌物或其污染物中<br />實驗室感染 : 在實驗室進行細胞培養病毒時，操作不當而感染<br />接觸傳染: 因為照顧病患被感染，而有人傳人的報告<br />,X
疱疹B病毒感染症的潛伏期有多長？,通常在3天至3星期的潛伏期。,X
什麼是疱疹B病毒(Herpes B Virus)感染症 ?,,X
什麼是庫賈氏病(CJD)？,<br/>人類庫賈氏病屬於傳染性海綿樣腦症的一類，最初在1920年代被發現，為一種罕見的神經性退化性疾病；全球年發生率約為百萬分之0.5-1。此病造成神經元細胞壞死及減少，使大腦皮質產生空洞狀退化，大腦組織呈現海綿樣。<br/><br/><br/><br/><br/><br/>最後更新日期2019/6/17<br/><br/>,O
庫賈氏病發生的病因？,<br/>庫賈氏病是由一種具感染性的變性蛋白質（普利昂蛋白，prion）快速增加，而造成神經細胞死亡，使腦組織變成海綿樣。此病依發生病因分為四種：1、散發型2、遺傳型3、醫源型4、新型庫賈氏病(newvariantCJD,O
得到庫賈氏病會有什麼症狀出現？,"<br/><br/>	發病初期會出現記憶力衰退、行為異常等類似失智症狀及步態不穩。隨著病程進展，除了上述症狀會逐漸惡化，患者的四肢與軀幹會有劇烈抽動、發生視力模糊、肢體無力、麻木感、癲癇等。 <br/>	發病末期會出現較為嚴重的痴呆；且此病在病發後，病程發展快速，大部分患者在一年內死亡，而不像老年失智症可以存活數年。<br/><br/><br/><br/><br/><br/><br/>最後更新日期2019/6/17<br/><br/>",O
是否有藥物能治療庫賈氏病？,<br/>目前庫賈氏病尚無特效藥可提供治療，亦無疫苗可預防。<br/><br/><br/><br/><br/><br/>最後更新日期2019/6/17<br/><br/>,O
如何診斷庫賈氏病？,<br/>庫賈氏病主要由臨床及神經病理檢查來診斷，腦組織病理切片是唯一可以確定診斷的方法。其他輔助臨床診斷方法包括：腦部核磁共振攝影、腦脊髓液抗體檢查等。<br/><br/><br/><br/><br/><br/>最後更新日期2019/6/17<br/><br/>,O
庫賈氏病如何傳播？,<br/>大多數的庫賈氏病發生原因不明，少數人會有基因突變，僅有不到1％的個案可能經由接觸腦組織、脊椎、腦下垂體等具感染力的組織而受到感染；過去曾有因注射人類腦下垂體激素、硬腦膜移植、眼角膜移植或經由受污染的神經手術器械、立體定位深部腦波電極而感染的案例。<br/><br/><br/><br/><br/>最後更新日期2019/5/15<br/><br/>,O
經由手術得到庫賈氏病的風險有多高？,<br/>1920年代至今，已知全世界僅報告4例經由神經外科手術器械感染的案例，而且全都發生在1977年以前，之後無此類病例，顯見目前手術器械消毒技術已有長足進步，經由醫療行為感染庫賈氏病的機會極低。<br/><br/><br/><br/><br/>最後更新日期2019/5/15<br/><br/>,O
醫院如何預防庫賈氏病的傳播？,<br/>一般的消毒滅菌方式沒有辦法去除庫賈氏病的變性蛋白的感染力，因此，疾病管制署參採世界衛生組織、美國疾病控制中心及英國衛生部等相關單位的建議，訂有感染管制指引手冊，作為醫療機構收治庫賈氏病個案時之參考。<br/><br/><br/><br/><br/>最後更新日期2019/5/15<br/><br/>,O
什麼是新型庫賈氏病？,<br/>所謂新類型庫賈氏病(newvariantCJD，v-CJD)，亦是由感染性的變性蛋白質引起，1996年在英國首次發現確認個案；其發生與食用牛海綿狀腦病牛隻產品有高度相關。<br/><br/><br/><br/><br/><br/>最後更新日期2019/6/17<br/><br/>,O
臺灣地區的庫賈氏病流行情況？,<br/>臺灣自民國86年起，透過臺灣神經學學會建立通報及監測系統。我國庫賈氏病流行病學資料,O
新型庫賈氏病與散發型庫賈氏病與有何不同？,<br/>散發型庫賈氏病一般多發生於中老年人，平均發病年齡在65歲以上，青春期少年人及年青人的病例極為少見；其平均病程約4個月。而新型庫賈氏病與傳統庫賈氏病最大不同處，在於病患發病年齡平均約29歲，其病程約14個月。<br/><br/><br/><br/><br/><br/>最後更新日期2019/6/17<br/><br/>,O
全球目前有那些國家為牛海綿狀腦病流行地區？,<br/>世界動物衛生組織(OIE)將各會員國典型牛海綿狀腦病(typicalBSE)之風險情形，分為「風險可略」(NegligibleBSErisk)及「風險已控制」(ControlledBSErisk)兩類，各會員國風險等級詳如OIE。台灣自民國79年起，禁止由疫區進口活體牛(羊)、肉骨粉、肉粉、骨粉、血粉、動物飼料用油脂、牛羊胚胎、牛羊組織成份之化粧品（如胎盤素等）、血清等相關產製品進口。<br/><br/><br/><br/><br/><br/>最後更新日期2019/6/17<br/><br/>,O
全球目前發生新型庫賈氏病病例的國家有那些？,<br/>依據歐盟疾病管制中心庫賈氏病監測網（EUROCJD）統計資料，截至2019年5月，共有12個國家合計報告了231個新型庫賈氏病病例，這些國家是：英國（178）、法國（27）、愛爾蘭（4）、美國（4）、加拿大（2）、義大利（3）、葡萄牙（2）、日本（1）、荷蘭（3）、沙烏地阿拉伯（1）、西班牙（5）、臺灣（1）；其中法國（1）、美國（2）、加拿大（1）、日本（1）、愛爾蘭（2）及我國之個案，皆可能因有英國之居住史，而暴露到牛海綿狀腦病致病原。我國於99年12月18日發布1例新型庫賈氏病極可能病例，該名病例曾於英國牛海綿樣腦病高風險時期長期居住達8年，疾病暴露史相當明確，歸屬於境外移入病例。<br/><br/><br/><br/><br/><br/>最後更新日期2019/6/17<br/><br/>,O
家中如有庫賈氏病病患，與患者生活要注意些什麼？,<br/>庫賈氏病不會經由一般的生活接觸，例如咳嗽、打噴嚏、接觸、親吻、性行為等方式傳播，只要不是大量的血液或體液接觸，感染的機會極低，並不需要過度恐慌。<br/><br/><br/><br/><br/><br/>最後更新日期2019/5/15<br/><br/>,O
接受輸血是否會感染庫賈氏病？,"<br/>因輸血行為可能與庫賈氏病傳染有關，我國現行公告之「捐血者健康標準」中，限制捐血對象包括：<br/><br/><br/>	曾罹患庫賈氏病者（CJD）、曾注射人類腦下垂體生長荷爾蒙者、曾注射人類腦下垂體親生殖腺素者（humanpituitary gonadotropins）、曾注射牛胰島素等生物製劑者、曾接受硬腦膜移植者或家族中（指二等親內之血親）有庫賈氏病（CJD）患者，永不得捐血。<br/>	民國69年~85年間曾在英國輸血或曾至英國旅遊或居留時間合計超過三個月者，或民國69年以後曾於歐洲旅遊或居留時間合計超過五年者，應暫緩捐血。<br/><br/><br/><br/><br/><br/><br/>最後更新日期2019/6/17<br/><br/>",O
萬一懷疑有庫賈氏病，該向何處求治？,<br/>發現有疑似庫賈氏病病症者，可就近前往醫院神經專科門診就診。<br/><br/><br/><br/><br/><br/>最後更新日期2019/6/17<br/><br/>,O
對庫賈氏病有相關問題或需要協助應該找誰？,<br/>可至行政院衛生福利部疾病管制署網頁查詢相關資料，或洽各地衛生局(所)尋求協助。<br/><br/><br/><br/><br/><br/>最後更新日期2019/6/17<br/><br/>,O
民國99年12月國內疑似新型庫賈氏病極可能病例，衛生單位是否有隱匿疫情之情事？,<br/>所謂「疫情」，是指「在台灣發生的傳染病傳播及流行」或「經由境外移入之傳染病病例造成該傳染病在台灣的傳播及流行」。故本次引發各界討論之病例並非「疫情」，衛生單位並無隱匿疫情之情事。針對該名病例，庫賈氏病工作小組已於該年12月18日再進行討論，列為「新型庫賈氏病極可能病例」，疾病管制署並依據專家委員之審查結果，發布訊息。<br/><br/><br/><br/><br/><br/>最後更新日期2019/6/17<br/><br/>,O
什麼是茲卡病毒感染症？,<br/>茲卡病毒感染症(Zikavirusinfection)是感染到茲卡病毒所引起的急性傳染病。潛伏期通常為3至14天。典型症狀為發燒合併紅疹、關節疼痛或結膜炎（紅眼），有時也有頭痛、肌肉痠痛及後眼窩痛等症狀。依據流行地區監測資料顯示，曾有病例出現神經系統（如急性多發性神經炎，Guillain-Barrésyndrome,O
什麼是小頭畸形？,<br/>小頭畸形是依據新生兒的年齡、性別及出生時妊娠期之生長曲線，頭圍小於第3個百分位(3rdpercentile)，且與身長、體重不成比例，經專科醫師評估為小頭畸形，或在出生後頭部停止發育的一種疾病，在胎兒則為超音波檢查頭圍小於3個標準差者(SD,O
感染茲卡病毒會有什麼症狀？,<br/>典型的症狀是發燒（通常是微燒）、紅疹、關節痛（主要是手和腳的小關節）或結膜炎等，其他常見症狀為頭痛、後眼窩痛、肌肉痛、食慾不振、腹痛及噁心等。依據流行地區監測資料顯示，曾有少數病例出現神經系統（如急性多發性神經炎，Guillain-Barrésyndrome,O
茲卡病毒感染要怎麼治療？,<br/>目前感染茲卡病毒並無抗病毒藥物可治療，建議依症狀給予支持性治療，並讓病患獲得充足的休息，可用乙醯氨基酚 (Acetaminophen) 解熱劑解除部分不適感，使用抗組織胺解除病患因為丘疹而造成的搔癢，並補充足夠的水分，通常在感染後一週左右就會自行痊癒，但如需退燒，請勿使用阿斯匹靈(Aspirin)或任何非類固醇消炎劑 (Non-steroidalanti-inflammatorydrugs,O
茲卡病毒感染確診後，是否要做後續的追蹤檢查？,<br/>個案確診後，應做以下追蹤採檢：<br/>1.血液：個案經檢驗確定感染茲卡病毒後，則後續採檢以間隔7日為原則，血液檢驗結果分子生物學核酸檢測為陰性，則停止追蹤採檢。<br/>2.精液：如果病患可提供精液檢體，則可採集發病後8週之檢體進行分子生物學核酸檢測。惟不論是否有進行精液之檢驗，病患均應採行安全性行為(例如使用保險套)至少六個月。<br/><br/><br/><br/><br/><br/>最後更新日期2018/12/14<br/><br/>,O
茲卡病毒是怎麼傳染的？,"<br/>茲卡病毒的傳染方式有以下幾種：<br/><br/><br/>	病媒蚊傳染：如果被帶有茲卡病毒的病媒蚊叮咬，經過約3至14天的潛伏期後開始發病。感染者在發病第1天至發病後7天，血液中存在茲卡病毒，此時如果再被病媒蚊叮咬，病毒將在病媒蚊體內增殖，經過約15天左右，病毒進入蚊子的唾液腺，就具有傳播病毒的能力，而當牠再叮咬其他人時，這一個人就會感染茲卡病毒。在臺灣，可傳播茲卡病毒的病媒蚊為埃及斑蚊及白線斑蚊。<br/>	性行為傳染：茲卡病毒感染者可透過性行為把病毒傳給其性伴侶，有文獻報告指出，已在人類精液中發現茲卡病毒，且已有數起茲卡病毒透過性接觸傳染的案例。<br/>	母嬰垂直傳染：部分研究發現茲卡病毒可能躲藏於胎盤及存在於羊水中，可經由母嬰垂直傳染。<br/>	輸血傳染：由於約有80%的個案沒有明顯症狀，感染者在不自覺下可能經由捐血將病毒傳染予他人，因此在流行地區可能會發生輸血感染。<br/><br/><br/> <br/><br/><br/><br/><br/><br/>最後更新日期2019/3/28<br/><br/>",O
茲卡病毒會透過性行為傳染，該如何避免？,<br/>目前研究已在人類精液中發現了茲卡病毒，且有研究報導數起茲卡病毒透過性接觸而人傳人的案例。<br/><br/>目前對於茲卡病毒的性傳播風險尚未有更多的了解，因此建議曾在茲卡病毒感染症流行地區活動或從流行地區返回的人，尤其是孕婦及其伴侶，應採取安全的性行為，正確使用保險套，以避免經由性行為感染。<br/><br/><br/><br/><br/><br/>最後更新日期2018/12/14<br/><br/>,O
哪些人有感染茲卡病毒的風險？,<br/>由於病媒蚊對於叮咬對象並無選擇性，在流行地區，任何人都有可能會被帶病毒的病媒蚊叮咬，沒有茲卡病毒抗體的人就會受到感染。<br/><br/><br/><br/><br/><br/>最後更新日期2018/12/14<br/><br/>,O
有茲卡病毒流行的地區，還是可以去旅遊嗎？,<br/>為降低疾病傳播的風險，已經有茲卡病毒流行的地區，建議如無必要暫勿前往或延後前往。如有必要前往，請參考目前的國際間旅遊疫情建議，如果前往第二級警示（Alert）的地區，須對當地採取加強防護；如果是前往第一級注意（Watch）的地區，則須遵守當地的一般預防措施。有關茲卡病毒感染症的國際間旅遊疫情建議可至疾病管制署全球資訊網查詢<br/><br/>（國際重要疫情）。<br/><br/><br/><br/><br/><br/>最後更新日期2019/6/5<br/><br/>,O
如果須前往茲卡病毒流行的地區，應如何避免感染？,<br/>如果必須前往流行地區，應做好防蚊措施。戶外活動時應使用經政府主管機關核可含DEET、Picaridin或IR3535的防蚊液，並依照標籤指示說明使用，長時間戶外活動時，應穿著長袖淺色衣褲，並可在衣服上噴灑防蚊液，增強保護效果；至流行地區旅遊，應選擇裝有紗窗或空調設備的居住場所，避免病媒蚊叮咬。返國後自主健康監測至少2週，如有任何疑似症狀，應儘速就醫，並告知醫師旅遊史。至於孕婦，建議暫緩前往流行地區。有關國際間旅遊疫情建議可參考疾病管制署全球資訊網（國際間旅遊疫情建議等級表）。<br/><br/><br/><br/><br/><br/>最後更新日期2021/3/3<br/><br/>,O
我剛從茲卡病毒流行地區回來，哪裡有茲卡病毒的快速診斷服務？,<br/>目前尚無茲卡病毒的快速診斷試劑。如果於旅遊期間或回國2週後均無疑似茲卡病毒感染症狀，無需檢驗。如果有流行地區旅遊史且有出現疑似症狀，應儘速就醫，並告知醫師旅遊史，由醫師向主管機關通報，並採集尿液及血清檢體送疾病管制署實驗室檢驗。<br/><br/><br/><br/><br/><br/>最後更新日期2019/3/27<br/><br/>,O
我現在懷孕，我的性伴侶剛從茲卡病毒流行地區回來，有哪些需要特別注意的事情？,<br/>男性之性伴侶若正在懷孕中，則建議在懷孕全程期間如有性行為均應使用保險套。<br/><br/><br/><br/><br/><br/>最後更新日期2018/12/14<br/><br/>,O
為什麼懷孕婦女要特別注意預防茲卡病毒感染症？,<br/>近期茲卡病毒感染症疫情在巴西等流行地區同時發現小頭畸形新生兒的病例遽增，而且依據目前文獻報告，茲卡病毒會嚴重損害胎兒腦部而導致新生兒小頭畸形，也可能會合併其他先天性缺陷，例如：內翻足、黃斑萎縮，為減少上述危害發生的風險，呼籲懷孕婦女要特別注意。<br/><br/><br/><br/><br/><br/>最後更新日期2018/12/14<br/><br/>,O
懷孕婦女要怎麼預防茲卡病毒感染？,<br/>茲卡病毒感染症主要經由斑蚊叮咬傳染，目前無疫苗可預防，建議懷孕婦女如無必要應暫緩前往流行地區，若必須前往請做好防蚊措施，如穿著淺色長袖衣褲、皮膚裸露處塗抹政府主管機關核可含DEET、Picaridin或IR3535的防蚊藥劑等，返國後自主健康監測至少2週，懷孕全程期間性行為時使用保險套，如有任何疑似症狀，應儘速就醫，並告知醫師旅遊史。<br/><br/><br/><br/><br/><br/>最後更新日期2021/3/3<br/><br/>,O
我懷疑在懷孕期間被茲卡病毒感染，怎麼辦？,<br/>懷孕婦女如有茲卡病毒感染症流行地區活動史，或相關暴露史，且於暴露後2週內出現疑似症狀，應儘速就醫並告知醫師相關暴露史，醫師將進行通報並採檢送驗，必要時會進行胎兒超音波檢查，以瞭解胎兒是否有小頭畸形或顱內鈣化；懷孕婦女若於暴露後2週內無疑似症狀，如有疑慮可請求檢驗，經醫師評估有必要時可採檢送驗。(懷孕婦女之茲卡病毒感染症通報與檢驗流程)<br/><br/><br/><br/>附件<br/><br/>懷孕婦女有茲卡病毒感染症流行地區活動史之通報與檢驗流程.pdf<br/><br/><br/><br/><br/><br/><br/><br/>最後更新日期2020/11/17<br/><br/>,O
我在懷孕期間被茲卡病毒感染，怎麼辦？,<br/>懷孕婦女如經確診為茲卡病毒感染症，應每4週定期進行胎兒超音波檢查，以追蹤胎兒生長情形。(懷孕婦女之茲卡病毒感染症通報與檢驗流程)<br/><br/><br/><br/>附件<br/><br/>懷孕婦女有茲卡病毒感染症流行地區活動史之通報與檢驗流程.pdf<br/><br/><br/><br/><br/><br/><br/><br/>最後更新日期2019/6/10<br/><br/>,O
本醫院有孕婦產下小頭畸形的新生兒，後來得知媽媽懷孕期間曾去過茲卡病毒流行地區，該怎麼辦？,<br/>新生兒如果有小頭畸形或顱內鈣化的情形，且母親懷孕期間有茲卡病毒流行地區旅遊史，則母親及新生兒都應於24小時通報，並採集尿液及血清檢體送疾病管制署檢驗茲卡病毒。有關新生兒的臨床評估、建議檢驗項目及長期追蹤，請參考美國疾病控制與預防中心指引。<br/><br/><br/><br/><br/><br/>最後更新日期2019/6/5<br/><br/>,O
什麼是新型A型流感呢？,,X
哪些動物流感病毒會傳染給人造成新型A型流感?,,X
人類流感病毒會傳染給動物嗎?,<br/>會的。過去文獻曾經提到人類流感病毒有可能傳染給豬隻，故建議民眾如有類流感症狀，應避免接觸豬隻，因為豬隻可以做為動物流感及人類流感病毒的中間宿媒，流感病毒可能在豬隻活體內重配基因，產生具有較易人傳人特性之新型流感病毒。<br/><br/><br/><br/><br/><br/>最後更新日期2019/1/30<br/><br/>,O
目前發生過的動物流感有哪些?和新型A型流感有什麼不同？,"<br/><br/>	不同A型流感病毒亞型影響的動物不盡相同，目前發現可能影響的動物包含禽鳥類、豬、蝙蝠、犬隻、貓及馬，其中以禽鳥類與豬為最常見，當A型流感病毒感染禽鳥類造成之疾病稱為「禽流感」，若感染於豬隻造成疾病則稱為「豬流感」。<br/>	動物流感病毒一般不會感染人類，僅偶發性出現人類感染動物流感的情形，當感染動物的A型流感病毒感染到人，使人類生病時，我們就將此病症歸為「新型A型流感」。<br/><br/><br/><br/><br/><br/><br/>最後更新日期2019/1/30<br/><br/>",O
新型A型流感會人傳人嗎?,這個問題非常好！新型A型流感病毒會存在於受感染動物的呼吸道飛沫顆粒及排泄物中<br />我們主要是透過吸入及接觸病毒顆粒或受污染的物體、環境等途徑而感染<br />,X
如果感染新型A型流感會出現哪些症狀?有症狀時怎麼辦?,好問題！如果感染了可能會出現結膜炎以及類流感症狀，像比如說發燒、咳嗽、流鼻水、打噴嚏、肌肉酸痛、頭痛或極度倦怠感等。,X
民眾應如何避免感染新型A型流感？,首先要注意飲食衛生，禽類、蛋類及蛋製品一定要好好煮熟了才能吃<br />如果要去流感流行地區，要避免前往鳥園、農場、禽畜養殖場、生禽宰殺或販賣場所，並避免餵食禽鳥，若不小心接觸到禽鳥及其分泌物，應馬上以肥皂澈底清潔雙手！<br />,X
民眾買了生鮮肉品及蛋，在料理處理過程中要注意什麼？,"<br/><br/>	生食和熟食要分開、分層貯存處理，例如使用不同的刀具及砧板，避免交叉污染；烹調肉品時，肉品內部溫度需要達到70℃持續30分鐘，或者達到80℃持續1分鐘，烹煮至「完全煮熟」；蛋殼可能受到禽類糞便的污染，因此要先清洗蛋殼後再烹煮；料理生鮮禽畜肉品及蛋類後應立即洗手，刀具、砧板也要澈底清洗後才能再度使用。<br/>	有關肉品及蛋類食品衛生可參閱衛生福利部食品藥物管理署網頁(食藥闢謠專區、食品藥物消費者知識服務網、藥物食品安全週報-第487期「遠離禽流感」、第489期「處理禽肉多用心，禽流感不來好放心」文章、第596期「預防禽流感5原則」)，或洽詢食安資訊專線1919。<br/><br/><br/><br/><br/><br/><br/>最後更新日期2019/6/19<br/><br/>",O
吃雞、鴨等禽肉、蛋類或豬肉，會不會感染新型A型流感病毒？,1. 根據世界衛生組織提供民眾食用禽肉或豬肉之建議：以70°C以上烹煮肉品，可以使其病毒不活化。截至目前為止，尚無實例顯示人們經由食用「煮熟」的肉類製品而被感染新型A型流感；因此，食用完全煮熟的肉品相關製品是安全的，但烹煮前的冷凍及解凍過程應謹慎為是，且應避免生熟食交叉汙染。,X
餵鴿子或賞鳥是否有感染新型A型流感的風險？如何因應？,首先要注意飲食衛生，禽類、蛋類及蛋製品一定要好好煮熟了才能吃<br />如果要去流感流行地區，要避免前往鳥園、農場、禽畜養殖場、生禽宰殺或販賣場所，並避免餵食禽鳥，若不小心接觸到禽鳥及其分泌物，應馬上以肥皂澈底清潔雙手！<br />,X
家裡如飼養可能感染動物流感的寵物(如禽鳥或豬)，要注意什麼？,"<br/><br/>	家中飼養動物(如禽鳥或豬)需避免與野生動物接觸或共用食器。<br/>	定期清洗、消毒養殖設備及清理其排泄物，清消時應戴口罩及膠質手套。<br/>	勿將飼養動物放生，以避免牠與野生動物混居。<br/>	避免直接接觸會感染動物流感的動物(如家禽、鳥類、豬等)及其分泌物或糞便。如接觸過該些動物、其分泌物或糞便後，要立刻用肥皂/洗手乳澈底洗淨雙手。<br/>	勿隨意棄置病死動物。自家飼養的動物死亡時，請密封包裝，並以一般廢棄物處理，由垃圾車清運。如有疾病疑慮，可洽所在地動物防疫機關處理或撥打農委會動植物防疫檢疫局24小時免費諮詢專線:0800-761-590。相關訊息亦可上網參閱農委會動植物防疫檢疫局-禽流感資訊專區。<br/>	接觸可能感染動物流感的動物後10天內，如出現發燒、咳嗽、喉嚨痛等類流感症狀或結膜炎，請戴上口罩儘速就醫，並主動告知動物接觸史。<br/><br/><br/><br/><br/><br/><br/>最後更新日期2019/5/16<br/><br/>",O
哪些人容易感染新型A型流感?,禽畜相關從業人員是新型A型流感高風險族群，建議工作時應做好防護措施，像比如說穿戴防護衣、口罩、手套、膠鞋（或鞋套），必要時戴護目鏡或面罩<br />這樣可以避免病毒透過傳染途徑直接進入人體，或因不小心使用沾有病毒之手碰觸眼、鼻等而間接感染<br />,X
目前有人用新型A型流感疫苗嗎？,,X
接種人用H5N1流感疫苗可否預防其他亞型動物流感病毒感染?,<br/>不能。目前並沒有足夠科學證據顯示，人用H5N1流感疫苗對於H5N2、H5N3及H5N8等其他亞型動物流感病毒具交叉保護效果。<br/><br/><br/><br/><br/><br/>最後更新日期2019/1/30<br/><br/>,O
目前有治療人類感染新型A型流感的藥物嗎？,,X
禽畜相關從業人員應如何避免感染新型A型流感？,,X
辦理或協助動物流感案例場撲殺/清場之工作人員應如何保護自己不受病(死)動物傳染?,<br/>感染動物流感之動物，其呼吸道分泌物或飛沫及排泄物都可能含有病毒，應視為傳染媒介物，工作人員若不慎接觸，很可能透過呼吸道、眼、鼻及口腔黏膜等傳染途徑進入人體。特別是處理病、死動物時，接觸病毒的機會將大幅增加，所以需要特別的保護措施，例如防護衣、口罩、手套、膠鞋（或鞋套），必要時戴護目鏡或面罩，以避免透過傳染途徑直接進入人體或因不注意而間接感染(如使用沾有病毒之手碰觸眼、鼻等)，也可限制病毒擴散影響週遭環境。此外，工作後，應做好清消工作。<br/><br/><br/><br/><br/><br/>最後更新日期2019/1/30<br/><br/>,O
新型A型流感旅遊疫情建議與旅遊警示如何界定?,"<br/><br/>	因應新型A型流感疫情發展趨勢，本署參考WHO、先進國家及發生地區之疫情資訊，公布旅遊疫情建議於衛生福利部疾病管制署民眾版/國際旅遊與健康/國際間旅遊疫情建議等級表，並隨時依最新資訊更新。<br/>	更多國際重要疫情資訊歡迎查閱衛生福利部疾病管制署民眾版/國際旅遊與健康/國際重要疫情資訊。<br/>	旅遊警示則為外交部或陸委會發布，提供國人出國旅行之參考資訊。前往地區如在大陸地區及港澳等，由陸委會、交通部觀光局等參酌採取相對應措施，至於其他國家地區，則由外交部領事事務局、交通部觀光局參酌處理。<br/><br/><br/><br/><br/><br/><br/>最後更新日期2019/5/16<br/><br/>",O
出外旅遊如何避免感染新型A型流感？,首先要注意飲食衛生，禽類、蛋類及蛋製品一定要好好煮熟了才能吃<br />如果要去流感流行地區，要避免前往鳥園、農場、禽畜養殖場、生禽宰殺或販賣場所，並避免餵食禽鳥，若不小心接觸到禽鳥及其分泌物，應馬上以肥皂澈底清潔雙手！<br />,X
若民眾有禽鳥/豬等動物相關接觸史或至動物流感發生地/新型A型流感旅遊疫情警示建議區之旅遊史，且出現有發燒、身體不適的情形，該怎麼辦？,"<br/><br/>	如為旅途中出現發燒(38度℃以上)、咳嗽、流鼻水、打噴嚏、喉嚨痛、肌肉痠痛、頭痛、極度倦怠等類流感症狀或結膜炎，應戴上口罩儘速就醫，並主動告知醫師動物接觸史、工作內容及旅遊史等，以利醫師診療。<br/>	入境時，若出現發燒(38度℃以上)、咳嗽，且同時有呼吸急促或困難等症狀，並於發病前10日內曾至新型A型流感旅遊警示建議地區之旅客，請主動告知機場(港口)檢疫站，檢疫人員將協助後送至醫院就醫，進行診療。<br/>	若為返家後10日內有發燒、身體不適的情形，應戴上口罩儘速就醫，並告訴醫生發病前是否曾到過新型A型流感病例發生地區等旅遊史及動物接觸史。<br/><br/><br/><br/><br/><br/><br/>最後更新日期2019/1/30<br/><br/>",O
可以在哪裡看到更多有關動物流感及新型A型流感的相關資訊?,<br/>有關動物流感資訊可至農委會動植物防疫檢疫局網頁查詢，另該局針對禽流感設有「禽流感資訊專區」，有詳細資料可供查詢，並有24小時免費諮詢專線:0800-761-590，可詢問「動物(含禽鳥)」疫情、感染症狀、感染途徑、防疫措施。<br/><br/>至於「新型A型流感」資訊可至衛生福利部疾病管制署網頁查詢，或撥打防疫專線：1922，可詢問「人類」疫情通報、傳染病諮詢、防疫政策及措施。<br/><br/><br/><br/><br/><br/>最後更新日期2019/5/16<br/><br/>,O
什麼是中東呼吸症候群冠狀病毒？,<br/>中東呼吸症候群冠狀病毒（MiddleEastrespiratorysyndrome coronavirus 簡稱MERS-CoV）於2012年9月首次從沙烏地阿拉伯一名嚴重肺炎病人的痰液中分離出來。為單股RNA病毒，屬於冠狀病毒科之beta亞科。此病毒與引起嚴重急性呼吸道症候群(SARS)的冠狀病毒並不相同，其特性仍在研究中。<br/><br/><br/><br/><br/><br/>最後更新日期2019/1/31<br/><br/>,O
什麼是冠狀病毒？,,X
中東呼吸症候群冠狀病毒感染症的主要症狀為何？,,X
MERS有傳染性嗎？,<br/>有，但傳染是侷限性的。除非是密切接觸，例如照顧病人時沒有做好個人防護，否則在一般情形下不易人傳人感染。目前有報告數起院內群聚感染，可能是因為醫院感染控制措施不佳，導致人傳人的案例。目前為止尚未出現持續性社區內傳染的情形。<br/><br/><br/><br/><br/><br/>最後更新日期2019/1/31<br/><br/>,O
MERS-CoV的感染源為何？是蝙蝠、駱駝或是家畜？,<br/>目前尚不清楚感染源。有報告指出在埃及、卡達與沙烏地阿拉伯駱駝體內分離出的MERS-CoV病毒與確診病例分離出的病毒基因高度相似；並且發現非洲與中東地區的駱駝體內有該病毒抗體。目前無法排除此病毒有其他傳染窩的可能性，為此曾經調查山羊、牛、羊、水牛、天鵝，及野鳥等動物，但其病毒抗體結果皆為陰性。因此根據目前研究，駱駝為最可能的潛在感染源。<br/><br/><br/><br/><br/><br/>最後更新日期2019/1/31<br/><br/>,O
人類如何感染MERS？,<br/>目前仍無法完全了解人類如何感染MERS-CoV，但認為與駱駝接觸及院內感染為兩大傳染途徑。除大多數個案具有與駱駝近距離接觸史，或曾飲用駱駝奶外，部分確診個案中，病毒是經由人與人密切接觸而傳染，並以院內感染相關案例為主。而在阿拉伯半島部分地區亦出現少數社區感染個案，但並未發現可能感染源，這些個案可能是暴露於動物、人類或其他來源而被感染。<br/><br/><br/><br/><br/><br/>最後更新日期2019/1/31<br/><br/>,O
MERS-CoV可以在環境中存活多久？,<br/>病毒在飛沫的形式下較為穩定，不過一旦落到環境表面，或是整體溫度及濕度上升（如台灣），病毒的存活時間也會大幅度的縮短。<br/><br/> 在環境表面目前推測約可存活兩天。<br/><br/><br/><br/><br/><br/>最後更新日期2019/1/31<br/><br/>,O
我們應該避免接觸駱駝或駱駝產品嗎？參觀農場、市場或駱駝相關活動安全嗎？,<br/>任何人參觀各地農場、市場、養殖場或有動物的地方，都應該要做好基本衛生措施，包含接觸動物前後經常洗手，或是避免接觸生病動物。食用生的或未煮熟的動物產品，諸如生奶或生肉，皆有感染疾病的風險。一般動物製品經由適當的處理及烹調後是可以安心食用的，惟須注意熟食與生食分開以避免交叉汙染。此外前往中東地區應避免前往當地農場、接觸駱駝、生飲駱駝等動物奶或食用未煮熟的駱駝肉，以降低受感染可能性。老年人或具糖尿病、慢性肺病、腎衰竭及免疫不全等慢性病族群，更應謹慎做好適當防護措施。<br/><br/><br/><br/><br/><br/>最後更新日期2019/1/31<br/><br/>,O
目前有疫苗可以預防嗎？要如何治療？,<br/>沒有疫苗與特殊的治療方式。建議採症狀治療並給予支持性療法。<br/><br/><br/><br/><br/><br/>最後更新日期2019/1/31<br/><br/>,O
醫療工作人員是高危險群嗎？,<br/>是，目前已有醫療人員因照顧確定病例而受到感染的案例。由於症狀或臨床特徵不具特異性，無法早期經實驗室診斷確診MERS-CoV病例，因此醫護人員照顧所有病人皆應做好標準防護措施，尤其是照顧有急性呼吸道感染的病人應執行飛沫傳染防護措施；照顧疑似MERS-CoV病人時，應執行接觸防護與眼部防護；若有執行產生飛沫微粒(aerosol)之醫療行為，則應做好空氣傳染防護措施。<br/><br/><br/><br/><br/><br/>最後更新日期2019/1/31<br/><br/>,O
有什麼預防措施？,<br/>(一)欲赴中東地區的民眾，請提高警覺並注意個人衛生及手部清潔，同時儘量減少至人群聚集或空氣不流通的地方活動，或與有呼吸道症狀者密切接觸。此外應避免前往當地農場、接觸駱駝或生飲駱駝等動物奶，並應儘可能避免出入醫療機構，以降低受感染可能性。<br/><br/>(二)自中東地區入境的民眾，若出現發燒或有急性呼吸道症狀，應主動通報港埠檢疫人員，並配合接受檢疫及後送就醫作業，進行採檢與醫學評估；返國14天內，若出現呼吸道症狀或有發燒症狀，則應配戴口罩儘速就醫治療，並主動告知醫護人員旅遊史與接觸史。<br/><br/><br/><br/><br/><br/>最後更新日期2019/1/31<br/><br/>,O
世界衛生組織(WHO)如何因應中東呼吸症候群冠狀病毒？,<br/>WHO與臨床醫師及專家學者合作蒐集、分享疾病特性，決定風險等級及個案管理等策略，並且與國際夥伴及發生疫情國家合作，訂出全球應變措施，包含提供最新疫情資訊與風險評估、與發生疫情國家共同進行調查、召開科學會議，以及研擬教育訓練、監測建議、實驗室診斷、感染控制及臨床個案管理等相關指引文件。<br/><br/>WHO最新之風險評估結果指出，自中東地區輸出病例之風險仍在，未來中東地區醫療機構群聚事件通報將趨頻繁，並呈現多數可能為小規模且多家醫療機構之疫情模式。<br/><br/><br/><br/><br/><br/>最後更新日期2019/1/31<br/><br/>,O
孕婦得MERS會怎樣?,<br/>考量孕婦因為懷孕導致免疫系統的變化和對胎兒的可能衝擊，就過去SARS和H1N1的觀察及少數MERS-CoV感染孕婦之個案報告，孕婦屬於感染MERS後發生嚴重呼吸窘迫症候群之高風險族群，且感染後發生流產、早產、死產等胎兒相關併發症的風險亦提高。<br/><br/>由於目前沒有特定有效藥物可供治療MERS，提醒孕婦避免前往MERS流行區域，出入公共場所注意呼吸道衛生和澈底執行手部清潔，預防感染MERS。<br/><br/><br/><br/><br/><br/>最後更新日期2019/1/31<br/><br/>,O
若我想了解中東呼吸症候群冠狀病毒相關資訊，有什麼查詢管道？,<br/>衛生福利部疾病管制署；防疫專線：1922（提供疫情通報、傳染病諮詢、防疫政策及措施宣導）。<br/><br/><br/><br/><br/><br/>最後更新日期2019/5/16<br/><br/>,O
什麼是伊波拉病毒感染？,<br/>伊波拉病毒感染是人及靈長類(猴子、大猩猩及黑猩猩)的一種嚴重致命疾病。伊波拉病毒首度發現於1976年，同時間爆發的兩起疫情，一起在剛果民主共和國，另一起在蘇丹的偏遠地區。伊波拉病毒的起源未知，但根據研究，果蝠可能是該病毒的天然宿主。<br/><br/><br/><br/><br/><br/>最後更新日期2019/1/31<br/><br/>,O
人類如何感染伊波拉病毒？,<br/>人類透過直接接觸受伊波拉病毒感染動物的血液、分泌物、器官或其他體液而感染，尤以破損皮膚接觸感染風險更大。伊波拉病毒不會經由水、蚊蟲叮咬傳播。在非洲地區，曾經發生因處理感染伊波拉病毒而生病或死亡的大猩猩、黑猩猩、果蝠、猴子、森林羚羊及豪豬等動物而感染的個案，因此應避免接觸這些高危險性動物，包含撿拾在森林中已死亡的動物或是處理牠們的生肉。<br/><br/>一旦人類因接觸感染伊波拉病毒的動物而受感染，此疾病可藉著人傳人方式於醫院或社區中擴散。人與人之傳染是因直接接觸到被感染者或其屍體之血液、分泌物、器官、精液，或是間接接觸被感染者體液污染的環境(例如衣服、床罩或針頭等)。若醫護人員未配戴適當的個人防護裝備（如手套等）照顧病患，則會造成院內感染。另葬禮儀式中直接接觸屍體，亦在疾病傳播中扮演重要角色。<br/><br/> <br/><br/><br/><br/><br/><br/>最後更新日期2019/7/19<br/><br/>,O
那些人感染風險較高？,<br/>因為直接接觸受感染患者及遺體的機會大，因此，醫護人員、家人、朋友、親密接觸者、參與遺體處理的人員，以及雨林中直接接觸死亡動物的獵人，受到感染的風險將相對較一般人高許多。<br/><br/><br/><br/><br/><br/>最後更新日期2019/1/31<br/><br/>,O
伊波拉病毒可以透過性行為傳染嗎？,<br/>有報告顯示痊癒病患之精液中仍有病毒，且可經性行為傳染。<br/><br/><br/><br/><br/><br/>最後更新日期2019/7/19<br/><br/>,O
疾病的症狀？,<br/>伊波拉病毒感染後初期症狀包括突然出現高燒、嚴重倦怠、肌肉痛、頭痛與咽喉痛等，接著出現嘔吐、腹瀉、腹痛、皮膚斑點狀丘疹與出血現象。重症者常伴有肝臟受損、腎衰竭、中樞神經損傷、休克併發多重器官衰竭，個案死亡率可高達九成。實驗室檢驗則發現白血球、血小板降低、凝血功能異常與肝功能指數上升。潛伏期為2到21天，感染者在尚未出現症狀之前並不具傳染力。<br/><br/><br/><br/><br/><br/>最後更新日期2019/1/31<br/><br/>,O
如果接觸尚未有症狀的疑似個案，是否會因此感染？,<br/>不會；依目前資料，除非個案出現症狀，不然不會具有傳染力。<br/><br/><br/><br/><br/><br/>最後更新日期2019/1/31<br/><br/>,O
什麼時候應該就醫？,<br/>即時治療可提升病患存活率。任何人士若曾經去過伊波拉病毒感染疫情流行地區，或是曾經接觸疑似或確定病例，並且已經開始出現症狀，就應立即就醫。醫療人員發現疑似病例應立即通報，並採取適當感染控制措施，且在等候檢驗結果時就應隔離病人。<br/><br/><br/><br/><br/><br/>最後更新日期2019/1/31<br/><br/>,O
如何治療伊波拉病毒感染？,<br/>目前尚無特定核准之有效疫苗或藥物（如抗病毒藥劑）。以支持性療法為主，依照發病後出現的症狀治療，包括病患體液及電解質平衡、維持血壓及氧氣狀況、併發性感染的治療等，且越早治療，存活率越高。已有單株抗體(如ZMapp)、恢復期血漿（convalescentplasma）、RNA藥物(如Remdesivir、Favipiravir)等療法正在研發評估中，部分治療藥物已於動物模式證實有效，並進入人體臨床試驗或經WHO許可後於疫情爆發時用於治療病患。<br/><br/><br/><br/><br/>最後更新日期2019/7/19<br/><br/>,O
如何預防伊波拉病毒感染？,"<br/>目前尚無有效疫苗可供預防接種。其他預防方式包括<br/><br/><br/>	在流行地區，避免接觸或食用果蝠、猿猴等野生動物。如需接觸動物則應戴手套及穿著合適衣物。食用動物製品（血液或肉）前應煮熟。<br/>	避免直接接觸被感染者之血液、分泌物、器官、精液或可能被污染的環境。如需照顧病患則應配戴手套及合適的個人防護裝備。因目前證據無法排除藉由性行為傳染的風險，WHO建議所有病患及其性伴侶應接受衛教諮詢並被發放保險套；男性病患於出現症狀後12個月或直到兩次精液檢驗結果陰性前應避免各種性行為，或全程使用保險套。男性病患應於症狀出現後3個月檢驗精液，如檢驗結果陽性，應持續進行每個月檢驗，直到間隔1週之兩次檢驗結果陰性。直到精液檢驗陰性前，應落實手部及個人衛生，且處理及丟棄保險套時，需避免接觸到精液。病患屍體應於24小時內入殮並火化。<br/>	因疾病初期症狀較不典型，醫護人員照護所有病患需提高警覺並配戴標準防護配備，實施感染控制措施，包括洗手、呼吸道衛生、避免體液噴濺等。所有進入安置疑似或確定病例隔離病室的工作人員，則應穿著連身型防護衣並配戴N95等級以上口罩、防護面罩、雙層手套、防水長筒鞋套等高規格個人防護裝備，若病人有嘔吐或腹瀉症狀時，則加穿防水圍裙，避免直接接觸病患之血液及體液，且優先將病人收置於負壓隔離病室等，提升醫療照護工作人員防護層級。<br/><br/><br/><br/><br/><br/><br/>最後更新日期2019/5/16<br/><br/>",O
醫護人員如何保護自己不受病人感染？,<br/>由於醫護人員照護疑似或確診病人被感染的風險較其他族群為高，因此應嚴格執行包括標準防護措施在內的感染控制措施。醫療人員應充分瞭解疾病特性以及安全處理措施，正確使用個人防護配備如口罩、護目鏡、防護衣，及手套等，並且不要重複使用。病人應安置於負壓隔離病房，照顧不同病人應換手套，對病人的侵入性醫療措施須在嚴格且安全的條件下執行。<br/><br/>相關感控措施及個人防護裝備使用詳見「醫療機構因應『伊波拉病毒感染』之感染管制措施指引」。<br/><br/><br/><br/><br/><br/>最後更新日期2019/1/31<br/><br/>,O
實驗室如何診斷伊波拉病毒感染？,<br/>疾病管制署已建立伊波拉病毒的檢驗方法，包括病原體分離與鑑定、核酸檢測、抗體檢測、組織切片免疫化學染色等。<br/><br/><br/><br/><br/><br/>最後更新日期2019/1/31<br/><br/>,O
如果預計前往目前發生伊波拉病毒感染疫情的國家或地區，我該怎麼辦？,<br/>依照世界衛生組織建議，民眾前往疫情發生國家及鄰近國家時應提高警覺，並注意個人衛生及手部清潔，避免接觸野生動物、屍體或食用生肉，也應避免接觸疑似感染者或其屍體。另自發生伊波拉病毒感染疫情地區回國的旅客，如有出現身體不適症狀，於入境時應主動通報港埠檢疫人員並配合接受檢疫措施，同時迅速就醫診治；在返國三週內如出現相關症狀，則應儘速撥打1922，由本署各區管制中心評估後，再由當地衛生局安排就醫，並主動告知醫護人員相關旅遊史。<br/><br/><br/><br/><br/><br/>最後更新日期2019/1/31<br/><br/>,O
目前研製伊波拉疫苗的進展？,<br/>目前有水疱性口炎病毒載體(rVSV-ZEBOV)疫苗及Ad26.ZEBOV/MVA-BN腺病毒載體疫苗發展最為快速，皆進入第三期臨床實驗階段。雖然目前未取得上市許可，為因應2018年剛果民主共和國流行疫情緊急應變需求，WHO經評估准予於流行地區緊急使用(EmergencyUseAssessmentandListingProcedure,O
若有自流行地區國家的朋友、學者或學生計畫來台，需要注意什麼？,"<br/>世界衛生組織建議目前無須禁止ㄧ般人國際間旅行及經貿活動；但伊波拉病毒感染患者及其接觸者應被限制旅遊。我國依世界衛生組織建議對於自伊波拉病毒感染疫情流行地區來台人士的建議如下：<br/><br/><br/>	應於來台前先詢問其是否曾被診斷為伊波拉病毒感染確定/疑似病例或有病例接觸史，倘是，確定個案必須於痊癒後有間隔48小時的兩次檢驗陰性後才可以旅遊，另其接觸者必須每天監測至最後一次暴露起21天止無症狀後才可以進行國際旅遊；疑似個案必須立刻隔離且限制旅遊，並依診斷結果進行旅遊管制。<br/>	來台後，應自主健康管理21天，早晚量體溫，期間倘出現疑似症狀，請協助該人士撥打1922，由疾管署區管中心評估安排就醫及後續防疫事宜。<br/><br/><br/><br/><br/><br/><br/>最後更新日期2019/7/19<br/><br/>",O
若我想了解伊波拉病毒感染相關資訊，有什麼查詢管道？,<br/>關於其他伊波拉病毒感染相關訊息，可以前往衛生福利部疾病管制署全球資訊網之伊波拉病毒感染專區查閱，或撥打國內免付費之民眾疫情通報及關懷專線1922洽詢，如話機無法撥打簡碼電話號碼，請改撥0800-001922防疫專線。<br/><br/><br/><br/><br/><br/>最後更新日期2019/6/20<br/><br/>,O
若我想了解福氏內格里阿米巴腦膜腦炎相關資訊，有什麼查詢管道？ ,<br/>可至疾病管制署全球資訊網查詢；或撥打防疫專線：1922（提供疫情通報、傳染病諮詢、防疫政策及措施宣導）。<br/><br/><br/><br/><br/><br/>最後更新日期2019/6/19<br/><br/>,O
福氏內格里阿米巴腦膜腦炎是常見的疾病嗎？有多少確定案例？ ,<br/>該疾病於1965年在澳洲發現首例人類感染病例，主要發生於夏季。截至2012年統計資料顯示，全球確定個案約235例，顯示這是一種不常見的疾病。臺灣於2011年有1例確定個案。<br/><br/><br/><br/><br/><br/>最後更新日期2018/12/12<br/><br/>,O
人如何受到感染？ ,<br/>人類經由鼻子吸入含有福氏內格里阿米巴原蟲的水而受到感染。將鼻子或頭部浸入受污染的水中（如潛水、跳水等與水有關的活動），可能造成感染，男孩風險可能增加(與喜好玩水活動或許有關，但真正原因不明)。但喝到含有福氏內格里阿米巴原蟲的水不會被感染。福氏內格里阿米巴腦膜腦炎不會人傳人。<br/><br/><br/><br/><br/><br/>最後更新日期2018/12/12<br/><br/>,O
什麼是福氏內格里阿米巴原蟲， 哪些地方會有福氏內格里阿米巴原蟲？ ,<br/>內格里阿米巴(Naegleria)為環境中自由營生的單細胞阿米巴原蟲，有40餘種，其中只有福氏內格里阿米巴原蟲(Naegleriafowleri)會感染人類。<br/><br/>福氏內格里阿米巴原蟲喜好溫暖環境，能生存於46℃的溫熱環境中，在高溫下也可短暫存活。淡水湖泊及河川、溫泉水、工廠排出的溫水、飲用溫泉水、含氯量不足的游泳池水、熱水器及土壤中都可發現其蹤跡，而含鹽量較高的海水尚未有檢出案例。在消毒良好的游泳池中不易感染福氏內格里阿米巴原蟲。<br/><br/><br/><br/><br/><br/>最後更新日期2018/12/12<br/><br/>,O
什麼是福氏內格里阿米巴腦膜炎，如何診斷與治療？ ,<br/>人類經由鼻子吸入含有福氏內格里阿米巴原蟲(Naegleriafowleri)的水而受到感染。蟲體由鼻腔進入人體後，經由嗅覺神經進入大腦引發福氏內格里阿米巴腦膜腦炎。<br/><br/>潛伏期平均為5天，可從1～7天。<br/><br/>一開始的症狀可能包含發燒、頭痛、噁心或嘔吐，之後出現頸部僵硬、意識改變、喪失平衡感、抽搐及出現幻覺，病程進展快速，發病後死亡率達99％。<br/><br/>實驗室診斷可採集腦脊髓液，並以疾病管制署已經建立的分子生物學技術(PCR)，進行病原體檢測。<br/><br/>藥物用於治療人類感染的效益尚不明確。<br/><br/><br/><br/><br/><br/>最後更新日期2018/12/12<br/><br/>,O
什麼是蟯蟲 ?,<br/>蟯蟲是一種小而白色的腸道寄生蟲，又叫針狀蟲。<br/><br/><br/><br/><br/><br/>最後更新日期2019/1/4<br/><br/>,O
蟯蟲感染的症狀是什麼 ?,<br/>大多數的人症狀不明顯，最常出現的症狀是肛門搔癢。<br/><br/><br/><br/><br/><br/>最後更新日期2019/1/4<br/><br/>,O
那些人是蟯蟲感染的危險群 ?,<br/>好發族群為3歲至7歲幼童，如家庭小孩人數愈多或環境愈擁擠時，其家人感染率也愈高。<br/><br/><br/><br/><br/><br/>最後更新日期2019/1/4<br/><br/>,O
蟯蟲感染如何傳播 ?,<br/>可經由污染的飲食、物品或手指等食入蟲卵，或吸入附著在空氣灰塵中的蟲卵而感染。<br/><br/><br/><br/><br/><br/>最後更新日期2019/1/4<br/><br/>,O
蟯蟲感染如何預防 ?,<br/>1.勤洗手(飯前、便後洗手)<br/><br/>2.經常修剪指甲，避免藏納污垢。<br/><br/>3.儘量避免在地上玩耍。<br/><br/>4.儘量避免咬指甲或抓肛門動作。<br/><br/><br/><br/><br/><br/>最後更新日期2019/1/4<br/><br/>,O
蟯蟲感染如何診斷 ?,<br/>幼童如有肛門搔癢，可以使用膠紙肛圍擦拭法檢查蟲卵，有時也可直接在換患者的床上或肛門發現成蟲。<br/><br/><br/><br/><br/><br/>最後更新日期2019/1/4<br/><br/>,O
蟯蟲感染如何治療 ?,<br/>治療通常需要二次療程，第一次治療殺死成蟲。但可能殘存蟲卵，故在二周後需要再投藥一次，同住的家人通常也需要治療。<br/><br/><br/><br/><br/><br/>最後更新日期2019/1/4<br/><br/>,O
患者應該如何避免散播傳染及再復發 ?,<br/>1.床單、內衣褲應每天換洗。<br/><br/>2.蟲卵對陽光敏感，故白天可開窗曝曬室內殺死蟲卵。<br/><br/>3.注意個人衛生，飯前、便飯洗手及時常修剪指甲。<br/><br/>4.避免咬指甲和抓肛門的動作，降低重複感染的機會。<br/><br/><br/><br/><br/><br/>最後更新日期2019/1/4<br/><br/>,O
